Copyright 1986-2018 Xilinx, Inc. All Rights Reserved.
-----------------------------------------------------------------------------------------------------------------------------------------------------------------------
| Tool Version : Vivado v.2018.3 (win64) Build 2405991 Thu Dec  6 23:38:27 MST 2018
| Date         : Sun Jan 11 16:16:53 2026
| Host         : DESKTOP-CRGUU9O running 64-bit major release  (build 9200)
| Command      : report_methodology -file AHBLITE_SYS_methodology_drc_routed.rpt -pb AHBLITE_SYS_methodology_drc_routed.pb -rpx AHBLITE_SYS_methodology_drc_routed.rpx
| Design       : AHBLITE_SYS
| Device       : xc7a200tfbg676-2
| Speed File   : -2
| Design State : Fully Routed
-----------------------------------------------------------------------------------------------------------------------------------------------------------------------

Report Methodology

Table of Contents
-----------------
1. REPORT SUMMARY
2. REPORT DETAILS

1. REPORT SUMMARY
-----------------
            Netlist: netlist
          Floorplan: design_1
      Design limits: <entire design considered>
             Max violations: <unlimited>
             Violations found: 941
+-----------+----------+-----------------------------+------------+
| Rule      | Severity | Description                 | Violations |
+-----------+----------+-----------------------------+------------+
| SYNTH-10  | Warning  | Wide multiplier             | 3          |
| TIMING-17 | Warning  | Non-clocked sequential cell | 938        |
+-----------+----------+-----------------------------+------------+

2. REPORT DETAILS
-----------------
SYNTH-10#1 Warning
Wide multiplier  
Detected multiplier at u_CORTEXM0INTEGRATION/u_logic/Affpw60 of size 16x18, it is decomposed from a wide multipler into 4 DSP blocks.
Related violations: <none>

SYNTH-10#2 Warning
Wide multiplier  
Detected multiplier at u_CORTEXM0INTEGRATION/u_logic/Affpw60__0 of size 18x18, it is decomposed from a wide multipler into 4 DSP blocks.
Related violations: <none>

SYNTH-10#3 Warning
Wide multiplier  
Detected multiplier at u_CORTEXM0INTEGRATION/u_logic/Affpw60__1 of size 18x16, it is decomposed from a wide multipler into 4 DSP blocks.
Related violations: <none>

TIMING-17#1 Warning
Non-clocked sequential cell  
The clock pin reset_sync_reg_reg[0]/C is not reached by a timing clock
Related violations: <none>

TIMING-17#2 Warning
Non-clocked sequential cell  
The clock pin reset_sync_reg_reg[1]/C is not reached by a timing clock
Related violations: <none>

TIMING-17#3 Warning
Non-clocked sequential cell  
The clock pin reset_sync_reg_reg[2]/C is not reached by a timing clock
Related violations: <none>

TIMING-17#4 Warning
Non-clocked sequential cell  
The clock pin reset_sync_reg_reg[4]_inv/C is not reached by a timing clock
Related violations: <none>

TIMING-17#5 Warning
Non-clocked sequential cell  
The clock pin uAHB2LED/rHSEL_reg/C is not reached by a timing clock
Related violations: <none>

TIMING-17#6 Warning
Non-clocked sequential cell  
The clock pin uAHB2LED/rLED_reg[0]/C is not reached by a timing clock
Related violations: <none>

TIMING-17#7 Warning
Non-clocked sequential cell  
The clock pin uAHB2LED/rLED_reg[0]_lopt_replica/C is not reached by a timing clock
Related violations: <none>

TIMING-17#8 Warning
Non-clocked sequential cell  
The clock pin uAHB2LED/rLED_reg[1]/C is not reached by a timing clock
Related violations: <none>

TIMING-17#9 Warning
Non-clocked sequential cell  
The clock pin uAHB2LED/rLED_reg[1]_lopt_replica/C is not reached by a timing clock
Related violations: <none>

TIMING-17#10 Warning
Non-clocked sequential cell  
The clock pin uAHB2LED/rLED_reg[2]/C is not reached by a timing clock
Related violations: <none>

TIMING-17#11 Warning
Non-clocked sequential cell  
The clock pin uAHB2LED/rLED_reg[2]_lopt_replica/C is not reached by a timing clock
Related violations: <none>

TIMING-17#12 Warning
Non-clocked sequential cell  
The clock pin uAHB2LED/rLED_reg[3]/C is not reached by a timing clock
Related violations: <none>

TIMING-17#13 Warning
Non-clocked sequential cell  
The clock pin uAHB2LED/rLED_reg[3]_lopt_replica/C is not reached by a timing clock
Related violations: <none>

TIMING-17#14 Warning
Non-clocked sequential cell  
The clock pin uAHB2LED/rLED_reg[4]/C is not reached by a timing clock
Related violations: <none>

TIMING-17#15 Warning
Non-clocked sequential cell  
The clock pin uAHB2LED/rLED_reg[4]_lopt_replica/C is not reached by a timing clock
Related violations: <none>

TIMING-17#16 Warning
Non-clocked sequential cell  
The clock pin uAHB2LED/rLED_reg[5]/C is not reached by a timing clock
Related violations: <none>

TIMING-17#17 Warning
Non-clocked sequential cell  
The clock pin uAHB2LED/rLED_reg[5]_lopt_replica/C is not reached by a timing clock
Related violations: <none>

TIMING-17#18 Warning
Non-clocked sequential cell  
The clock pin uAHB2LED/rLED_reg[6]/C is not reached by a timing clock
Related violations: <none>

TIMING-17#19 Warning
Non-clocked sequential cell  
The clock pin uAHB2LED/rLED_reg[6]_lopt_replica/C is not reached by a timing clock
Related violations: <none>

TIMING-17#20 Warning
Non-clocked sequential cell  
The clock pin uAHB2LED/rLED_reg[7]/C is not reached by a timing clock
Related violations: <none>

TIMING-17#21 Warning
Non-clocked sequential cell  
The clock pin uAHB2RAM/APhase_HSEL_reg/C is not reached by a timing clock
Related violations: <none>

TIMING-17#22 Warning
Non-clocked sequential cell  
The clock pin uAHB2RAM/APhase_HSIZE_reg[0]/C is not reached by a timing clock
Related violations: <none>

TIMING-17#23 Warning
Non-clocked sequential cell  
The clock pin uAHB2RAM/APhase_HSIZE_reg[1]/C is not reached by a timing clock
Related violations: <none>

TIMING-17#24 Warning
Non-clocked sequential cell  
The clock pin uAHB2RAM/APhase_HTRANS_reg[1]/C is not reached by a timing clock
Related violations: <none>

TIMING-17#25 Warning
Non-clocked sequential cell  
The clock pin uAHB2RAM/APhase_HWADDR_reg[0]/C is not reached by a timing clock
Related violations: <none>

TIMING-17#26 Warning
Non-clocked sequential cell  
The clock pin uAHB2RAM/APhase_HWADDR_reg[10]/C is not reached by a timing clock
Related violations: <none>

TIMING-17#27 Warning
Non-clocked sequential cell  
The clock pin uAHB2RAM/APhase_HWADDR_reg[11]/C is not reached by a timing clock
Related violations: <none>

TIMING-17#28 Warning
Non-clocked sequential cell  
The clock pin uAHB2RAM/APhase_HWADDR_reg[12]/C is not reached by a timing clock
Related violations: <none>

TIMING-17#29 Warning
Non-clocked sequential cell  
The clock pin uAHB2RAM/APhase_HWADDR_reg[13]/C is not reached by a timing clock
Related violations: <none>

TIMING-17#30 Warning
Non-clocked sequential cell  
The clock pin uAHB2RAM/APhase_HWADDR_reg[1]/C is not reached by a timing clock
Related violations: <none>

TIMING-17#31 Warning
Non-clocked sequential cell  
The clock pin uAHB2RAM/APhase_HWADDR_reg[2]/C is not reached by a timing clock
Related violations: <none>

TIMING-17#32 Warning
Non-clocked sequential cell  
The clock pin uAHB2RAM/APhase_HWADDR_reg[3]/C is not reached by a timing clock
Related violations: <none>

TIMING-17#33 Warning
Non-clocked sequential cell  
The clock pin uAHB2RAM/APhase_HWADDR_reg[4]/C is not reached by a timing clock
Related violations: <none>

TIMING-17#34 Warning
Non-clocked sequential cell  
The clock pin uAHB2RAM/APhase_HWADDR_reg[5]/C is not reached by a timing clock
Related violations: <none>

TIMING-17#35 Warning
Non-clocked sequential cell  
The clock pin uAHB2RAM/APhase_HWADDR_reg[6]/C is not reached by a timing clock
Related violations: <none>

TIMING-17#36 Warning
Non-clocked sequential cell  
The clock pin uAHB2RAM/APhase_HWADDR_reg[7]/C is not reached by a timing clock
Related violations: <none>

TIMING-17#37 Warning
Non-clocked sequential cell  
The clock pin uAHB2RAM/APhase_HWADDR_reg[8]/C is not reached by a timing clock
Related violations: <none>

TIMING-17#38 Warning
Non-clocked sequential cell  
The clock pin uAHB2RAM/APhase_HWADDR_reg[9]/C is not reached by a timing clock
Related violations: <none>

TIMING-17#39 Warning
Non-clocked sequential cell  
The clock pin uAHB2RAM/APhase_HWRITE_reg/C is not reached by a timing clock
Related violations: <none>

TIMING-17#40 Warning
Non-clocked sequential cell  
The clock pin uAHB2RAM/memory_reg_0/CLKARDCLK is not reached by a timing clock
Related violations: <none>

TIMING-17#41 Warning
Non-clocked sequential cell  
The clock pin uAHB2RAM/memory_reg_0/CLKBWRCLK is not reached by a timing clock
Related violations: <none>

TIMING-17#42 Warning
Non-clocked sequential cell  
The clock pin uAHB2RAM/memory_reg_1/CLKARDCLK is not reached by a timing clock
Related violations: <none>

TIMING-17#43 Warning
Non-clocked sequential cell  
The clock pin uAHB2RAM/memory_reg_1/CLKBWRCLK is not reached by a timing clock
Related violations: <none>

TIMING-17#44 Warning
Non-clocked sequential cell  
The clock pin uAHB2RAM/memory_reg_2/CLKARDCLK is not reached by a timing clock
Related violations: <none>

TIMING-17#45 Warning
Non-clocked sequential cell  
The clock pin uAHB2RAM/memory_reg_2/CLKBWRCLK is not reached by a timing clock
Related violations: <none>

TIMING-17#46 Warning
Non-clocked sequential cell  
The clock pin uAHB2RAM/memory_reg_3/CLKARDCLK is not reached by a timing clock
Related violations: <none>

TIMING-17#47 Warning
Non-clocked sequential cell  
The clock pin uAHB2RAM/memory_reg_3/CLKBWRCLK is not reached by a timing clock
Related violations: <none>

TIMING-17#48 Warning
Non-clocked sequential cell  
The clock pin uAHBMUX/APHASE_MUX_SEL_reg[0]/C is not reached by a timing clock
Related violations: <none>

TIMING-17#49 Warning
Non-clocked sequential cell  
The clock pin uAHBMUX/APHASE_MUX_SEL_reg[1]/C is not reached by a timing clock
Related violations: <none>

TIMING-17#50 Warning
Non-clocked sequential cell  
The clock pin uAHBMUX/APHASE_MUX_SEL_reg[2]/C is not reached by a timing clock
Related violations: <none>

TIMING-17#51 Warning
Non-clocked sequential cell  
The clock pin uAHBMUX/APHASE_MUX_SEL_reg[3]/C is not reached by a timing clock
Related violations: <none>

TIMING-17#52 Warning
Non-clocked sequential cell  
The clock pin u_CORTEXM0INTEGRATION/u_logic/A1qax6_reg/C is not reached by a timing clock
Related violations: <none>

TIMING-17#53 Warning
Non-clocked sequential cell  
The clock pin u_CORTEXM0INTEGRATION/u_logic/A2spw6_reg/C is not reached by a timing clock
Related violations: <none>

TIMING-17#54 Warning
Non-clocked sequential cell  
The clock pin u_CORTEXM0INTEGRATION/u_logic/A32qw6_reg/C is not reached by a timing clock
Related violations: <none>

TIMING-17#55 Warning
Non-clocked sequential cell  
The clock pin u_CORTEXM0INTEGRATION/u_logic/A3qax6_reg/C is not reached by a timing clock
Related violations: <none>

TIMING-17#56 Warning
Non-clocked sequential cell  
The clock pin u_CORTEXM0INTEGRATION/u_logic/A5qax6_reg/C is not reached by a timing clock
Related violations: <none>

TIMING-17#57 Warning
Non-clocked sequential cell  
The clock pin u_CORTEXM0INTEGRATION/u_logic/A7zpw6_reg/C is not reached by a timing clock
Related violations: <none>

TIMING-17#58 Warning
Non-clocked sequential cell  
The clock pin u_CORTEXM0INTEGRATION/u_logic/Aa2bx6_reg/C is not reached by a timing clock
Related violations: <none>

TIMING-17#59 Warning
Non-clocked sequential cell  
The clock pin u_CORTEXM0INTEGRATION/u_logic/Acuax6_reg/C is not reached by a timing clock
Related violations: <none>

TIMING-17#60 Warning
Non-clocked sequential cell  
The clock pin u_CORTEXM0INTEGRATION/u_logic/Amupw6_reg/C is not reached by a timing clock
Related violations: <none>

TIMING-17#61 Warning
Non-clocked sequential cell  
The clock pin u_CORTEXM0INTEGRATION/u_logic/Aniax6_reg/C is not reached by a timing clock
Related violations: <none>

TIMING-17#62 Warning
Non-clocked sequential cell  
The clock pin u_CORTEXM0INTEGRATION/u_logic/Aqlax6_reg/C is not reached by a timing clock
Related violations: <none>

TIMING-17#63 Warning
Non-clocked sequential cell  
The clock pin u_CORTEXM0INTEGRATION/u_logic/Arnpw6_reg/C is not reached by a timing clock
Related violations: <none>

TIMING-17#64 Warning
Non-clocked sequential cell  
The clock pin u_CORTEXM0INTEGRATION/u_logic/Asupw6_reg/C is not reached by a timing clock
Related violations: <none>

TIMING-17#65 Warning
Non-clocked sequential cell  
The clock pin u_CORTEXM0INTEGRATION/u_logic/Aujpw6_reg/C is not reached by a timing clock
Related violations: <none>

TIMING-17#66 Warning
Non-clocked sequential cell  
The clock pin u_CORTEXM0INTEGRATION/u_logic/Aurpw6_reg/C is not reached by a timing clock
Related violations: <none>

TIMING-17#67 Warning
Non-clocked sequential cell  
The clock pin u_CORTEXM0INTEGRATION/u_logic/Auyax6_reg/C is not reached by a timing clock
Related violations: <none>

TIMING-17#68 Warning
Non-clocked sequential cell  
The clock pin u_CORTEXM0INTEGRATION/u_logic/Avzax6_reg/C is not reached by a timing clock
Related violations: <none>

TIMING-17#69 Warning
Non-clocked sequential cell  
The clock pin u_CORTEXM0INTEGRATION/u_logic/Aw4bx6_reg/C is not reached by a timing clock
Related violations: <none>

TIMING-17#70 Warning
Non-clocked sequential cell  
The clock pin u_CORTEXM0INTEGRATION/u_logic/Awupw6_reg/C is not reached by a timing clock
Related violations: <none>

TIMING-17#71 Warning
Non-clocked sequential cell  
The clock pin u_CORTEXM0INTEGRATION/u_logic/Az3bx6_reg/C is not reached by a timing clock
Related violations: <none>

TIMING-17#72 Warning
Non-clocked sequential cell  
The clock pin u_CORTEXM0INTEGRATION/u_logic/Azpax6_reg/C is not reached by a timing clock
Related violations: <none>

TIMING-17#73 Warning
Non-clocked sequential cell  
The clock pin u_CORTEXM0INTEGRATION/u_logic/B0spw6_reg/C is not reached by a timing clock
Related violations: <none>

TIMING-17#74 Warning
Non-clocked sequential cell  
The clock pin u_CORTEXM0INTEGRATION/u_logic/B3gbx6_reg/C is not reached by a timing clock
Related violations: <none>

TIMING-17#75 Warning
Non-clocked sequential cell  
The clock pin u_CORTEXM0INTEGRATION/u_logic/B4uax6_reg/C is not reached by a timing clock
Related violations: <none>

TIMING-17#76 Warning
Non-clocked sequential cell  
The clock pin u_CORTEXM0INTEGRATION/u_logic/B5zpw6_reg/C is not reached by a timing clock
Related violations: <none>

TIMING-17#77 Warning
Non-clocked sequential cell  
The clock pin u_CORTEXM0INTEGRATION/u_logic/B6uax6_reg/C is not reached by a timing clock
Related violations: <none>

TIMING-17#78 Warning
Non-clocked sequential cell  
The clock pin u_CORTEXM0INTEGRATION/u_logic/B8uax6_reg/C is not reached by a timing clock
Related violations: <none>

TIMING-17#79 Warning
Non-clocked sequential cell  
The clock pin u_CORTEXM0INTEGRATION/u_logic/Bauax6_reg/C is not reached by a timing clock
Related violations: <none>

TIMING-17#80 Warning
Non-clocked sequential cell  
The clock pin u_CORTEXM0INTEGRATION/u_logic/Bbjpw6_reg/C is not reached by a timing clock
Related violations: <none>

TIMING-17#81 Warning
Non-clocked sequential cell  
The clock pin u_CORTEXM0INTEGRATION/u_logic/Bc3bx6_reg/C is not reached by a timing clock
Related violations: <none>

TIMING-17#82 Warning
Non-clocked sequential cell  
The clock pin u_CORTEXM0INTEGRATION/u_logic/Bcabx6_reg/C is not reached by a timing clock
Related violations: <none>

TIMING-17#83 Warning
Non-clocked sequential cell  
The clock pin u_CORTEXM0INTEGRATION/u_logic/Bciax6_reg/C is not reached by a timing clock
Related violations: <none>

TIMING-17#84 Warning
Non-clocked sequential cell  
The clock pin u_CORTEXM0INTEGRATION/u_logic/Bdjpw6_reg/C is not reached by a timing clock
Related violations: <none>

TIMING-17#85 Warning
Non-clocked sequential cell  
The clock pin u_CORTEXM0INTEGRATION/u_logic/Bfjpw6_reg/C is not reached by a timing clock
Related violations: <none>

TIMING-17#86 Warning
Non-clocked sequential cell  
The clock pin u_CORTEXM0INTEGRATION/u_logic/Bolax6_reg/C is not reached by a timing clock
Related violations: <none>

TIMING-17#87 Warning
Non-clocked sequential cell  
The clock pin u_CORTEXM0INTEGRATION/u_logic/Bsrpw6_reg/C is not reached by a timing clock
Related violations: <none>

TIMING-17#88 Warning
Non-clocked sequential cell  
The clock pin u_CORTEXM0INTEGRATION/u_logic/Bxpax6_reg/C is not reached by a timing clock
Related violations: <none>

TIMING-17#89 Warning
Non-clocked sequential cell  
The clock pin u_CORTEXM0INTEGRATION/u_logic/C07bx6_reg/C is not reached by a timing clock
Related violations: <none>

TIMING-17#90 Warning
Non-clocked sequential cell  
The clock pin u_CORTEXM0INTEGRATION/u_logic/C10bx6_reg/C is not reached by a timing clock
Related violations: <none>

TIMING-17#91 Warning
Non-clocked sequential cell  
The clock pin u_CORTEXM0INTEGRATION/u_logic/C14bx6_reg/C is not reached by a timing clock
Related violations: <none>

TIMING-17#92 Warning
Non-clocked sequential cell  
The clock pin u_CORTEXM0INTEGRATION/u_logic/C1wpw6_reg/C is not reached by a timing clock
Related violations: <none>

TIMING-17#93 Warning
Non-clocked sequential cell  
The clock pin u_CORTEXM0INTEGRATION/u_logic/C27bx6_reg/C is not reached by a timing clock
Related violations: <none>

TIMING-17#94 Warning
Non-clocked sequential cell  
The clock pin u_CORTEXM0INTEGRATION/u_logic/C2uax6_reg/C is not reached by a timing clock
Related violations: <none>

TIMING-17#95 Warning
Non-clocked sequential cell  
The clock pin u_CORTEXM0INTEGRATION/u_logic/C30bx6_reg/C is not reached by a timing clock
Related violations: <none>

TIMING-17#96 Warning
Non-clocked sequential cell  
The clock pin u_CORTEXM0INTEGRATION/u_logic/C37ax6_reg/C is not reached by a timing clock
Related violations: <none>

TIMING-17#97 Warning
Non-clocked sequential cell  
The clock pin u_CORTEXM0INTEGRATION/u_logic/C3wpw6_reg/C is not reached by a timing clock
Related violations: <none>

TIMING-17#98 Warning
Non-clocked sequential cell  
The clock pin u_CORTEXM0INTEGRATION/u_logic/C3zpw6_reg/C is not reached by a timing clock
Related violations: <none>

TIMING-17#99 Warning
Non-clocked sequential cell  
The clock pin u_CORTEXM0INTEGRATION/u_logic/C47bx6_reg/C is not reached by a timing clock
Related violations: <none>

TIMING-17#100 Warning
Non-clocked sequential cell  
The clock pin u_CORTEXM0INTEGRATION/u_logic/C50bx6_reg/C is not reached by a timing clock
Related violations: <none>

TIMING-17#101 Warning
Non-clocked sequential cell  
The clock pin u_CORTEXM0INTEGRATION/u_logic/C5gbx6_reg/C is not reached by a timing clock
Related violations: <none>

TIMING-17#102 Warning
Non-clocked sequential cell  
The clock pin u_CORTEXM0INTEGRATION/u_logic/C5wpw6_reg/C is not reached by a timing clock
Related violations: <none>

TIMING-17#103 Warning
Non-clocked sequential cell  
The clock pin u_CORTEXM0INTEGRATION/u_logic/C67bx6_reg/C is not reached by a timing clock
Related violations: <none>

TIMING-17#104 Warning
Non-clocked sequential cell  
The clock pin u_CORTEXM0INTEGRATION/u_logic/C7wpw6_reg/C is not reached by a timing clock
Related violations: <none>

TIMING-17#105 Warning
Non-clocked sequential cell  
The clock pin u_CORTEXM0INTEGRATION/u_logic/C87bx6_reg/C is not reached by a timing clock
Related violations: <none>

TIMING-17#106 Warning
Non-clocked sequential cell  
The clock pin u_CORTEXM0INTEGRATION/u_logic/C9wpw6_reg/C is not reached by a timing clock
Related violations: <none>

TIMING-17#107 Warning
Non-clocked sequential cell  
The clock pin u_CORTEXM0INTEGRATION/u_logic/Ca7bx6_reg/C is not reached by a timing clock
Related violations: <none>

TIMING-17#108 Warning
Non-clocked sequential cell  
The clock pin u_CORTEXM0INTEGRATION/u_logic/Cbwpw6_reg/C is not reached by a timing clock
Related violations: <none>

TIMING-17#109 Warning
Non-clocked sequential cell  
The clock pin u_CORTEXM0INTEGRATION/u_logic/Cc7bx6_reg/C is not reached by a timing clock
Related violations: <none>

TIMING-17#110 Warning
Non-clocked sequential cell  
The clock pin u_CORTEXM0INTEGRATION/u_logic/Cchax6_reg/C is not reached by a timing clock
Related violations: <none>

TIMING-17#111 Warning
Non-clocked sequential cell  
The clock pin u_CORTEXM0INTEGRATION/u_logic/Cdwpw6_reg/C is not reached by a timing clock
Related violations: <none>

TIMING-17#112 Warning
Non-clocked sequential cell  
The clock pin u_CORTEXM0INTEGRATION/u_logic/Ce7bx6_reg/C is not reached by a timing clock
Related violations: <none>

TIMING-17#113 Warning
Non-clocked sequential cell  
The clock pin u_CORTEXM0INTEGRATION/u_logic/Cfwpw6_reg/C is not reached by a timing clock
Related violations: <none>

TIMING-17#114 Warning
Non-clocked sequential cell  
The clock pin u_CORTEXM0INTEGRATION/u_logic/Cg7bx6_reg/C is not reached by a timing clock
Related violations: <none>

TIMING-17#115 Warning
Non-clocked sequential cell  
The clock pin u_CORTEXM0INTEGRATION/u_logic/Cglax6_reg/C is not reached by a timing clock
Related violations: <none>

TIMING-17#116 Warning
Non-clocked sequential cell  
The clock pin u_CORTEXM0INTEGRATION/u_logic/Chwpw6_reg/C is not reached by a timing clock
Related violations: <none>

TIMING-17#117 Warning
Non-clocked sequential cell  
The clock pin u_CORTEXM0INTEGRATION/u_logic/Ci7bx6_reg/C is not reached by a timing clock
Related violations: <none>

TIMING-17#118 Warning
Non-clocked sequential cell  
The clock pin u_CORTEXM0INTEGRATION/u_logic/Cilax6_reg/C is not reached by a timing clock
Related violations: <none>

TIMING-17#119 Warning
Non-clocked sequential cell  
The clock pin u_CORTEXM0INTEGRATION/u_logic/Ck7bx6_reg/C is not reached by a timing clock
Related violations: <none>

TIMING-17#120 Warning
Non-clocked sequential cell  
The clock pin u_CORTEXM0INTEGRATION/u_logic/Cklax6_reg/C is not reached by a timing clock
Related violations: <none>

TIMING-17#121 Warning
Non-clocked sequential cell  
The clock pin u_CORTEXM0INTEGRATION/u_logic/Cm7bx6_reg/C is not reached by a timing clock
Related violations: <none>

TIMING-17#122 Warning
Non-clocked sequential cell  
The clock pin u_CORTEXM0INTEGRATION/u_logic/Cmlax6_reg/C is not reached by a timing clock
Related violations: <none>

TIMING-17#123 Warning
Non-clocked sequential cell  
The clock pin u_CORTEXM0INTEGRATION/u_logic/Co7bx6_reg/C is not reached by a timing clock
Related violations: <none>

TIMING-17#124 Warning
Non-clocked sequential cell  
The clock pin u_CORTEXM0INTEGRATION/u_logic/Coupw6_reg/C is not reached by a timing clock
Related violations: <none>

TIMING-17#125 Warning
Non-clocked sequential cell  
The clock pin u_CORTEXM0INTEGRATION/u_logic/Cq7bx6_reg/C is not reached by a timing clock
Related violations: <none>

TIMING-17#126 Warning
Non-clocked sequential cell  
The clock pin u_CORTEXM0INTEGRATION/u_logic/Cqrpw6_reg/C is not reached by a timing clock
Related violations: <none>

TIMING-17#127 Warning
Non-clocked sequential cell  
The clock pin u_CORTEXM0INTEGRATION/u_logic/Cs6bx6_reg/C is not reached by a timing clock
Related violations: <none>

TIMING-17#128 Warning
Non-clocked sequential cell  
The clock pin u_CORTEXM0INTEGRATION/u_logic/Cvpax6_reg/C is not reached by a timing clock
Related violations: <none>

TIMING-17#129 Warning
Non-clocked sequential cell  
The clock pin u_CORTEXM0INTEGRATION/u_logic/Cwyax6_reg/C is not reached by a timing clock
Related violations: <none>

TIMING-17#130 Warning
Non-clocked sequential cell  
The clock pin u_CORTEXM0INTEGRATION/u_logic/Cxzax6_reg/C is not reached by a timing clock
Related violations: <none>

TIMING-17#131 Warning
Non-clocked sequential cell  
The clock pin u_CORTEXM0INTEGRATION/u_logic/Cy4bx6_reg/C is not reached by a timing clock
Related violations: <none>

TIMING-17#132 Warning
Non-clocked sequential cell  
The clock pin u_CORTEXM0INTEGRATION/u_logic/Czzax6_reg/C is not reached by a timing clock
Related violations: <none>

TIMING-17#133 Warning
Non-clocked sequential cell  
The clock pin u_CORTEXM0INTEGRATION/u_logic/D0uax6_reg/C is not reached by a timing clock
Related violations: <none>

TIMING-17#134 Warning
Non-clocked sequential cell  
The clock pin u_CORTEXM0INTEGRATION/u_logic/D12qw6_reg/C is not reached by a timing clock
Related violations: <none>

TIMING-17#135 Warning
Non-clocked sequential cell  
The clock pin u_CORTEXM0INTEGRATION/u_logic/D1zpw6_reg/C is not reached by a timing clock
Related violations: <none>

TIMING-17#136 Warning
Non-clocked sequential cell  
The clock pin u_CORTEXM0INTEGRATION/u_logic/D46bx6_reg/C is not reached by a timing clock
Related violations: <none>

TIMING-17#137 Warning
Non-clocked sequential cell  
The clock pin u_CORTEXM0INTEGRATION/u_logic/D66bx6_reg/C is not reached by a timing clock
Related violations: <none>

TIMING-17#138 Warning
Non-clocked sequential cell  
The clock pin u_CORTEXM0INTEGRATION/u_logic/D70bx6_reg/C is not reached by a timing clock
Related violations: <none>

TIMING-17#139 Warning
Non-clocked sequential cell  
The clock pin u_CORTEXM0INTEGRATION/u_logic/D7gbx6_reg/C is not reached by a timing clock
Related violations: <none>

TIMING-17#140 Warning
Non-clocked sequential cell  
The clock pin u_CORTEXM0INTEGRATION/u_logic/D86bx6_reg/C is not reached by a timing clock
Related violations: <none>

TIMING-17#141 Warning
Non-clocked sequential cell  
The clock pin u_CORTEXM0INTEGRATION/u_logic/Da6bx6_reg/C is not reached by a timing clock
Related violations: <none>

TIMING-17#142 Warning
Non-clocked sequential cell  
The clock pin u_CORTEXM0INTEGRATION/u_logic/Daiax6_reg/C is not reached by a timing clock
Related violations: <none>

TIMING-17#143 Warning
Non-clocked sequential cell  
The clock pin u_CORTEXM0INTEGRATION/u_logic/Dc6bx6_reg/C is not reached by a timing clock
Related violations: <none>

TIMING-17#144 Warning
Non-clocked sequential cell  
The clock pin u_CORTEXM0INTEGRATION/u_logic/De6bx6_reg/C is not reached by a timing clock
Related violations: <none>

TIMING-17#145 Warning
Non-clocked sequential cell  
The clock pin u_CORTEXM0INTEGRATION/u_logic/Delax6_reg/C is not reached by a timing clock
Related violations: <none>

TIMING-17#146 Warning
Non-clocked sequential cell  
The clock pin u_CORTEXM0INTEGRATION/u_logic/Dg6bx6_reg/C is not reached by a timing clock
Related violations: <none>

TIMING-17#147 Warning
Non-clocked sequential cell  
The clock pin u_CORTEXM0INTEGRATION/u_logic/Di6bx6_reg/C is not reached by a timing clock
Related violations: <none>

TIMING-17#148 Warning
Non-clocked sequential cell  
The clock pin u_CORTEXM0INTEGRATION/u_logic/Dk6bx6_reg/C is not reached by a timing clock
Related violations: <none>

TIMING-17#149 Warning
Non-clocked sequential cell  
The clock pin u_CORTEXM0INTEGRATION/u_logic/Dm6bx6_reg/C is not reached by a timing clock
Related violations: <none>

TIMING-17#150 Warning
Non-clocked sequential cell  
The clock pin u_CORTEXM0INTEGRATION/u_logic/Do6bx6_reg/C is not reached by a timing clock
Related violations: <none>

TIMING-17#151 Warning
Non-clocked sequential cell  
The clock pin u_CORTEXM0INTEGRATION/u_logic/Dorpw6_reg/C is not reached by a timing clock
Related violations: <none>

TIMING-17#152 Warning
Non-clocked sequential cell  
The clock pin u_CORTEXM0INTEGRATION/u_logic/Dq6bx6_reg/C is not reached by a timing clock
Related violations: <none>

TIMING-17#153 Warning
Non-clocked sequential cell  
The clock pin u_CORTEXM0INTEGRATION/u_logic/Drhax6_reg/C is not reached by a timing clock
Related violations: <none>

TIMING-17#154 Warning
Non-clocked sequential cell  
The clock pin u_CORTEXM0INTEGRATION/u_logic/Dt1bx6_reg/C is not reached by a timing clock
Related violations: <none>

TIMING-17#155 Warning
Non-clocked sequential cell  
The clock pin u_CORTEXM0INTEGRATION/u_logic/Dtpax6_reg/C is not reached by a timing clock
Related violations: <none>

TIMING-17#156 Warning
Non-clocked sequential cell  
The clock pin u_CORTEXM0INTEGRATION/u_logic/Dv2bx6_reg/C is not reached by a timing clock
Related violations: <none>

TIMING-17#157 Warning
Non-clocked sequential cell  
The clock pin u_CORTEXM0INTEGRATION/u_logic/Dxvpw6_reg/C is not reached by a timing clock
Related violations: <none>

TIMING-17#158 Warning
Non-clocked sequential cell  
The clock pin u_CORTEXM0INTEGRATION/u_logic/Dzvpw6_reg/C is not reached by a timing clock
Related violations: <none>

TIMING-17#159 Warning
Non-clocked sequential cell  
The clock pin u_CORTEXM0INTEGRATION/u_logic/E05bx6_reg/C is not reached by a timing clock
Related violations: <none>

TIMING-17#160 Warning
Non-clocked sequential cell  
The clock pin u_CORTEXM0INTEGRATION/u_logic/E1npw6_reg/C is not reached by a timing clock
Related violations: <none>

TIMING-17#161 Warning
Non-clocked sequential cell  
The clock pin u_CORTEXM0INTEGRATION/u_logic/E34bx6_reg/C is not reached by a timing clock
Related violations: <none>

TIMING-17#162 Warning
Non-clocked sequential cell  
The clock pin u_CORTEXM0INTEGRATION/u_logic/E3npw6_reg/C is not reached by a timing clock
Related violations: <none>

TIMING-17#163 Warning
Non-clocked sequential cell  
The clock pin u_CORTEXM0INTEGRATION/u_logic/E5npw6_reg/C is not reached by a timing clock
Related violations: <none>

TIMING-17#164 Warning
Non-clocked sequential cell  
The clock pin u_CORTEXM0INTEGRATION/u_logic/E5pax6_reg/C is not reached by a timing clock
Related violations: <none>

TIMING-17#165 Warning
Non-clocked sequential cell  
The clock pin u_CORTEXM0INTEGRATION/u_logic/E6iax6_reg/C is not reached by a timing clock
Related violations: <none>

TIMING-17#166 Warning
Non-clocked sequential cell  
The clock pin u_CORTEXM0INTEGRATION/u_logic/E7npw6_reg/C is not reached by a timing clock
Related violations: <none>

TIMING-17#167 Warning
Non-clocked sequential cell  
The clock pin u_CORTEXM0INTEGRATION/u_logic/E7pax6_reg/C is not reached by a timing clock
Related violations: <none>

TIMING-17#168 Warning
Non-clocked sequential cell  
The clock pin u_CORTEXM0INTEGRATION/u_logic/E8iax6_reg/C is not reached by a timing clock
Related violations: <none>

TIMING-17#169 Warning
Non-clocked sequential cell  
The clock pin u_CORTEXM0INTEGRATION/u_logic/E90bx6_reg/C is not reached by a timing clock
Related violations: <none>

TIMING-17#170 Warning
Non-clocked sequential cell  
The clock pin u_CORTEXM0INTEGRATION/u_logic/E9npw6_reg/C is not reached by a timing clock
Related violations: <none>

TIMING-17#171 Warning
Non-clocked sequential cell  
The clock pin u_CORTEXM0INTEGRATION/u_logic/E9pax6_reg/C is not reached by a timing clock
Related violations: <none>

TIMING-17#172 Warning
Non-clocked sequential cell  
The clock pin u_CORTEXM0INTEGRATION/u_logic/Ebnpw6_reg/C is not reached by a timing clock
Related violations: <none>

TIMING-17#173 Warning
Non-clocked sequential cell  
The clock pin u_CORTEXM0INTEGRATION/u_logic/Ebpax6_reg/C is not reached by a timing clock
Related violations: <none>

TIMING-17#174 Warning
Non-clocked sequential cell  
The clock pin u_CORTEXM0INTEGRATION/u_logic/Eclax6_reg/C is not reached by a timing clock
Related violations: <none>

TIMING-17#175 Warning
Non-clocked sequential cell  
The clock pin u_CORTEXM0INTEGRATION/u_logic/Ectax6_reg/C is not reached by a timing clock
Related violations: <none>

TIMING-17#176 Warning
Non-clocked sequential cell  
The clock pin u_CORTEXM0INTEGRATION/u_logic/Ednpw6_reg/C is not reached by a timing clock
Related violations: <none>

TIMING-17#177 Warning
Non-clocked sequential cell  
The clock pin u_CORTEXM0INTEGRATION/u_logic/Edpax6_reg/C is not reached by a timing clock
Related violations: <none>

TIMING-17#178 Warning
Non-clocked sequential cell  
The clock pin u_CORTEXM0INTEGRATION/u_logic/Eetax6_reg/C is not reached by a timing clock
Related violations: <none>

TIMING-17#179 Warning
Non-clocked sequential cell  
The clock pin u_CORTEXM0INTEGRATION/u_logic/Efnpw6_reg/C is not reached by a timing clock
Related violations: <none>

TIMING-17#180 Warning
Non-clocked sequential cell  
The clock pin u_CORTEXM0INTEGRATION/u_logic/Efpax6_reg/C is not reached by a timing clock
Related violations: <none>

TIMING-17#181 Warning
Non-clocked sequential cell  
The clock pin u_CORTEXM0INTEGRATION/u_logic/Egtax6_reg/C is not reached by a timing clock
Related violations: <none>

TIMING-17#182 Warning
Non-clocked sequential cell  
The clock pin u_CORTEXM0INTEGRATION/u_logic/Ehnpw6_reg/C is not reached by a timing clock
Related violations: <none>

TIMING-17#183 Warning
Non-clocked sequential cell  
The clock pin u_CORTEXM0INTEGRATION/u_logic/Ehpax6_reg/C is not reached by a timing clock
Related violations: <none>

TIMING-17#184 Warning
Non-clocked sequential cell  
The clock pin u_CORTEXM0INTEGRATION/u_logic/Eitax6_reg/C is not reached by a timing clock
Related violations: <none>

TIMING-17#185 Warning
Non-clocked sequential cell  
The clock pin u_CORTEXM0INTEGRATION/u_logic/Ejnpw6_reg/C is not reached by a timing clock
Related violations: <none>

TIMING-17#186 Warning
Non-clocked sequential cell  
The clock pin u_CORTEXM0INTEGRATION/u_logic/Ejpax6_reg/C is not reached by a timing clock
Related violations: <none>

TIMING-17#187 Warning
Non-clocked sequential cell  
The clock pin u_CORTEXM0INTEGRATION/u_logic/Ektax6_reg/C is not reached by a timing clock
Related violations: <none>

TIMING-17#188 Warning
Non-clocked sequential cell  
The clock pin u_CORTEXM0INTEGRATION/u_logic/Eliax6_reg/C is not reached by a timing clock
Related violations: <none>

TIMING-17#189 Warning
Non-clocked sequential cell  
The clock pin u_CORTEXM0INTEGRATION/u_logic/Elnpw6_reg/C is not reached by a timing clock
Related violations: <none>

TIMING-17#190 Warning
Non-clocked sequential cell  
The clock pin u_CORTEXM0INTEGRATION/u_logic/Elpax6_reg/C is not reached by a timing clock
Related violations: <none>

TIMING-17#191 Warning
Non-clocked sequential cell  
The clock pin u_CORTEXM0INTEGRATION/u_logic/Emrpw6_reg/C is not reached by a timing clock
Related violations: <none>

TIMING-17#192 Warning
Non-clocked sequential cell  
The clock pin u_CORTEXM0INTEGRATION/u_logic/Emtax6_reg/C is not reached by a timing clock
Related violations: <none>

TIMING-17#193 Warning
Non-clocked sequential cell  
The clock pin u_CORTEXM0INTEGRATION/u_logic/Enpax6_reg/C is not reached by a timing clock
Related violations: <none>

TIMING-17#194 Warning
Non-clocked sequential cell  
The clock pin u_CORTEXM0INTEGRATION/u_logic/Eotax6_reg/C is not reached by a timing clock
Related violations: <none>

TIMING-17#195 Warning
Non-clocked sequential cell  
The clock pin u_CORTEXM0INTEGRATION/u_logic/Eppax6_reg/C is not reached by a timing clock
Related violations: <none>

TIMING-17#196 Warning
Non-clocked sequential cell  
The clock pin u_CORTEXM0INTEGRATION/u_logic/Eqtax6_reg/C is not reached by a timing clock
Related violations: <none>

TIMING-17#197 Warning
Non-clocked sequential cell  
The clock pin u_CORTEXM0INTEGRATION/u_logic/Equpw6_reg/C is not reached by a timing clock
Related violations: <none>

TIMING-17#198 Warning
Non-clocked sequential cell  
The clock pin u_CORTEXM0INTEGRATION/u_logic/Erpax6_reg/C is not reached by a timing clock
Related violations: <none>

TIMING-17#199 Warning
Non-clocked sequential cell  
The clock pin u_CORTEXM0INTEGRATION/u_logic/Estax6_reg/C is not reached by a timing clock
Related violations: <none>

TIMING-17#200 Warning
Non-clocked sequential cell  
The clock pin u_CORTEXM0INTEGRATION/u_logic/Eutax6_reg/C is not reached by a timing clock
Related violations: <none>

TIMING-17#201 Warning
Non-clocked sequential cell  
The clock pin u_CORTEXM0INTEGRATION/u_logic/Evypw6_reg/C is not reached by a timing clock
Related violations: <none>

TIMING-17#202 Warning
Non-clocked sequential cell  
The clock pin u_CORTEXM0INTEGRATION/u_logic/Ewtax6_reg/C is not reached by a timing clock
Related violations: <none>

TIMING-17#203 Warning
Non-clocked sequential cell  
The clock pin u_CORTEXM0INTEGRATION/u_logic/Exypw6_reg/C is not reached by a timing clock
Related violations: <none>

TIMING-17#204 Warning
Non-clocked sequential cell  
The clock pin u_CORTEXM0INTEGRATION/u_logic/Eytax6_reg/C is not reached by a timing clock
Related violations: <none>

TIMING-17#205 Warning
Non-clocked sequential cell  
The clock pin u_CORTEXM0INTEGRATION/u_logic/Eyyax6_reg/C is not reached by a timing clock
Related violations: <none>

TIMING-17#206 Warning
Non-clocked sequential cell  
The clock pin u_CORTEXM0INTEGRATION/u_logic/Ez1qw6_reg/C is not reached by a timing clock
Related violations: <none>

TIMING-17#207 Warning
Non-clocked sequential cell  
The clock pin u_CORTEXM0INTEGRATION/u_logic/Ezypw6_reg/C is not reached by a timing clock
Related violations: <none>

TIMING-17#208 Warning
Non-clocked sequential cell  
The clock pin u_CORTEXM0INTEGRATION/u_logic/F17ax6_reg/C is not reached by a timing clock
Related violations: <none>

TIMING-17#209 Warning
Non-clocked sequential cell  
The clock pin u_CORTEXM0INTEGRATION/u_logic/F1pax6_reg/C is not reached by a timing clock
Related violations: <none>

TIMING-17#210 Warning
Non-clocked sequential cell  
The clock pin u_CORTEXM0INTEGRATION/u_logic/F26bx6_reg/C is not reached by a timing clock
Related violations: <none>

TIMING-17#211 Warning
Non-clocked sequential cell  
The clock pin u_CORTEXM0INTEGRATION/u_logic/F2tax6_reg/C is not reached by a timing clock
Related violations: <none>

TIMING-17#212 Warning
Non-clocked sequential cell  
The clock pin u_CORTEXM0INTEGRATION/u_logic/F3pax6_reg/C is not reached by a timing clock
Related violations: <none>

TIMING-17#213 Warning
Non-clocked sequential cell  
The clock pin u_CORTEXM0INTEGRATION/u_logic/F4iax6_reg/C is not reached by a timing clock
Related violations: <none>

TIMING-17#214 Warning
Non-clocked sequential cell  
The clock pin u_CORTEXM0INTEGRATION/u_logic/F4tax6_reg/C is not reached by a timing clock
Related violations: <none>

TIMING-17#215 Warning
Non-clocked sequential cell  
The clock pin u_CORTEXM0INTEGRATION/u_logic/F6dbx6_reg/C is not reached by a timing clock
Related violations: <none>

TIMING-17#216 Warning
Non-clocked sequential cell  
The clock pin u_CORTEXM0INTEGRATION/u_logic/F6tax6_reg/C is not reached by a timing clock
Related violations: <none>

TIMING-17#217 Warning
Non-clocked sequential cell  
The clock pin u_CORTEXM0INTEGRATION/u_logic/F8cbx6_reg/C is not reached by a timing clock
Related violations: <none>

TIMING-17#218 Warning
Non-clocked sequential cell  
The clock pin u_CORTEXM0INTEGRATION/u_logic/F8tax6_reg/C is not reached by a timing clock
Related violations: <none>

TIMING-17#219 Warning
Non-clocked sequential cell  
The clock pin u_CORTEXM0INTEGRATION/u_logic/F9gbx6_reg/C is not reached by a timing clock
Related violations: <none>

TIMING-17#220 Warning
Non-clocked sequential cell  
The clock pin u_CORTEXM0INTEGRATION/u_logic/F9vpw6_reg/C is not reached by a timing clock
Related violations: <none>

TIMING-17#221 Warning
Non-clocked sequential cell  
The clock pin u_CORTEXM0INTEGRATION/u_logic/Fahax6_reg/C is not reached by a timing clock
Related violations: <none>

TIMING-17#222 Warning
Non-clocked sequential cell  
The clock pin u_CORTEXM0INTEGRATION/u_logic/Fatax6_reg/C is not reached by a timing clock
Related violations: <none>

TIMING-17#223 Warning
Non-clocked sequential cell  
The clock pin u_CORTEXM0INTEGRATION/u_logic/Fb0bx6_reg/C is not reached by a timing clock
Related violations: <none>

TIMING-17#224 Warning
Non-clocked sequential cell  
The clock pin u_CORTEXM0INTEGRATION/u_logic/Fc1bx6_reg/C is not reached by a timing clock
Related violations: <none>

TIMING-17#225 Warning
Non-clocked sequential cell  
The clock pin u_CORTEXM0INTEGRATION/u_logic/Fe2bx6_reg/C is not reached by a timing clock
Related violations: <none>

TIMING-17#226 Warning
Non-clocked sequential cell  
The clock pin u_CORTEXM0INTEGRATION/u_logic/Fjdbx6_reg/C is not reached by a timing clock
Related violations: <none>

TIMING-17#227 Warning
Non-clocked sequential cell  
The clock pin u_CORTEXM0INTEGRATION/u_logic/Fkrpw6_reg/C is not reached by a timing clock
Related violations: <none>

TIMING-17#228 Warning
Non-clocked sequential cell  
The clock pin u_CORTEXM0INTEGRATION/u_logic/Fnnpw6_reg/C is not reached by a timing clock
Related violations: <none>

TIMING-17#229 Warning
Non-clocked sequential cell  
The clock pin u_CORTEXM0INTEGRATION/u_logic/Fpnpw6_reg/C is not reached by a timing clock
Related violations: <none>

TIMING-17#230 Warning
Non-clocked sequential cell  
The clock pin u_CORTEXM0INTEGRATION/u_logic/Ftypw6_reg/C is not reached by a timing clock
Related violations: <none>

TIMING-17#231 Warning
Non-clocked sequential cell  
The clock pin u_CORTEXM0INTEGRATION/u_logic/Fvoax6_reg/C is not reached by a timing clock
Related violations: <none>

TIMING-17#232 Warning
Non-clocked sequential cell  
The clock pin u_CORTEXM0INTEGRATION/u_logic/Fx1qw6_reg/C is not reached by a timing clock
Related violations: <none>

TIMING-17#233 Warning
Non-clocked sequential cell  
The clock pin u_CORTEXM0INTEGRATION/u_logic/Fxoax6_reg/C is not reached by a timing clock
Related violations: <none>

TIMING-17#234 Warning
Non-clocked sequential cell  
The clock pin u_CORTEXM0INTEGRATION/u_logic/Fzmpw6_reg/C is not reached by a timing clock
Related violations: <none>

TIMING-17#235 Warning
Non-clocked sequential cell  
The clock pin u_CORTEXM0INTEGRATION/u_logic/Fzoax6_reg/C is not reached by a timing clock
Related violations: <none>

TIMING-17#236 Warning
Non-clocked sequential cell  
The clock pin u_CORTEXM0INTEGRATION/u_logic/G0tax6_reg/C is not reached by a timing clock
Related violations: <none>

TIMING-17#237 Warning
Non-clocked sequential cell  
The clock pin u_CORTEXM0INTEGRATION/u_logic/G0zax6_reg/C is not reached by a timing clock
Related violations: <none>

TIMING-17#238 Warning
Non-clocked sequential cell  
The clock pin u_CORTEXM0INTEGRATION/u_logic/G25bx6_reg/C is not reached by a timing clock
Related violations: <none>

TIMING-17#239 Warning
Non-clocked sequential cell  
The clock pin u_CORTEXM0INTEGRATION/u_logic/G2iax6_reg/C is not reached by a timing clock
Related violations: <none>

TIMING-17#240 Warning
Non-clocked sequential cell  
The clock pin u_CORTEXM0INTEGRATION/u_logic/G54bx6_reg/C is not reached by a timing clock
Related violations: <none>

TIMING-17#241 Warning
Non-clocked sequential cell  
The clock pin u_CORTEXM0INTEGRATION/u_logic/Gd0bx6_reg/C is not reached by a timing clock
Related violations: <none>

TIMING-17#242 Warning
Non-clocked sequential cell  
The clock pin u_CORTEXM0INTEGRATION/u_logic/Gihbx6_reg/C is not reached by a timing clock
Related violations: <none>

TIMING-17#243 Warning
Non-clocked sequential cell  
The clock pin u_CORTEXM0INTEGRATION/u_logic/Gp6ax6_reg/C is not reached by a timing clock
Related violations: <none>

TIMING-17#244 Warning
Non-clocked sequential cell  
The clock pin u_CORTEXM0INTEGRATION/u_logic/Gr6ax6_reg/C is not reached by a timing clock
Related violations: <none>

TIMING-17#245 Warning
Non-clocked sequential cell  
The clock pin u_CORTEXM0INTEGRATION/u_logic/Gt6ax6_reg/C is not reached by a timing clock
Related violations: <none>

TIMING-17#246 Warning
Non-clocked sequential cell  
The clock pin u_CORTEXM0INTEGRATION/u_logic/Gtoax6_reg/C is not reached by a timing clock
Related violations: <none>

TIMING-17#247 Warning
Non-clocked sequential cell  
The clock pin u_CORTEXM0INTEGRATION/u_logic/Gv1qw6_reg/C is not reached by a timing clock
Related violations: <none>

TIMING-17#248 Warning
Non-clocked sequential cell  
The clock pin u_CORTEXM0INTEGRATION/u_logic/Gv6ax6_reg/C is not reached by a timing clock
Related violations: <none>

TIMING-17#249 Warning
Non-clocked sequential cell  
The clock pin u_CORTEXM0INTEGRATION/u_logic/Gvmpw6_reg/C is not reached by a timing clock
Related violations: <none>

TIMING-17#250 Warning
Non-clocked sequential cell  
The clock pin u_CORTEXM0INTEGRATION/u_logic/Gwxpw6_reg/C is not reached by a timing clock
Related violations: <none>

TIMING-17#251 Warning
Non-clocked sequential cell  
The clock pin u_CORTEXM0INTEGRATION/u_logic/Gx6ax6_reg/C is not reached by a timing clock
Related violations: <none>

TIMING-17#252 Warning
Non-clocked sequential cell  
The clock pin u_CORTEXM0INTEGRATION/u_logic/Gxmpw6_reg/C is not reached by a timing clock
Related violations: <none>

TIMING-17#253 Warning
Non-clocked sequential cell  
The clock pin u_CORTEXM0INTEGRATION/u_logic/Gz6ax6_reg/C is not reached by a timing clock
Related violations: <none>

TIMING-17#254 Warning
Non-clocked sequential cell  
The clock pin u_CORTEXM0INTEGRATION/u_logic/H4zax6_reg/C is not reached by a timing clock
Related violations: <none>

TIMING-17#255 Warning
Non-clocked sequential cell  
The clock pin u_CORTEXM0INTEGRATION/u_logic/Halax6_reg/C is not reached by a timing clock
Related violations: <none>

TIMING-17#256 Warning
Non-clocked sequential cell  
The clock pin u_CORTEXM0INTEGRATION/u_logic/Hbgbx6_reg/C is not reached by a timing clock
Related violations: <none>

TIMING-17#257 Warning
Non-clocked sequential cell  
The clock pin u_CORTEXM0INTEGRATION/u_logic/Hf0bx6_reg/C is not reached by a timing clock
Related violations: <none>

TIMING-17#258 Warning
Non-clocked sequential cell  
The clock pin u_CORTEXM0INTEGRATION/u_logic/Hg3bx6_reg/C is not reached by a timing clock
Related violations: <none>

TIMING-17#259 Warning
Non-clocked sequential cell  
The clock pin u_CORTEXM0INTEGRATION/u_logic/Hgrpw6_reg/C is not reached by a timing clock
Related violations: <none>

TIMING-17#260 Warning
Non-clocked sequential cell  
The clock pin u_CORTEXM0INTEGRATION/u_logic/Hhvpw6_reg/C is not reached by a timing clock
Related violations: <none>

TIMING-17#261 Warning
Non-clocked sequential cell  
The clock pin u_CORTEXM0INTEGRATION/u_logic/Hirpw6_reg/C is not reached by a timing clock
Related violations: <none>

TIMING-17#262 Warning
Non-clocked sequential cell  
The clock pin u_CORTEXM0INTEGRATION/u_logic/Hkxpw6_reg/C is not reached by a timing clock
Related violations: <none>

TIMING-17#263 Warning
Non-clocked sequential cell  
The clock pin u_CORTEXM0INTEGRATION/u_logic/Hmxpw6_reg/C is not reached by a timing clock
Related violations: <none>

TIMING-17#264 Warning
Non-clocked sequential cell  
The clock pin u_CORTEXM0INTEGRATION/u_logic/Hoxpw6_reg/C is not reached by a timing clock
Related violations: <none>

TIMING-17#265 Warning
Non-clocked sequential cell  
The clock pin u_CORTEXM0INTEGRATION/u_logic/Hphax6_reg/C is not reached by a timing clock
Related violations: <none>

TIMING-17#266 Warning
Non-clocked sequential cell  
The clock pin u_CORTEXM0INTEGRATION/u_logic/Hqxpw6_reg/C is not reached by a timing clock
Related violations: <none>

TIMING-17#267 Warning
Non-clocked sequential cell  
The clock pin u_CORTEXM0INTEGRATION/u_logic/Hroax6_reg/C is not reached by a timing clock
Related violations: <none>

TIMING-17#268 Warning
Non-clocked sequential cell  
The clock pin u_CORTEXM0INTEGRATION/u_logic/Hsxpw6_reg/C is not reached by a timing clock
Related violations: <none>

TIMING-17#269 Warning
Non-clocked sequential cell  
The clock pin u_CORTEXM0INTEGRATION/u_logic/Ht1qw6_reg/C is not reached by a timing clock
Related violations: <none>

TIMING-17#270 Warning
Non-clocked sequential cell  
The clock pin u_CORTEXM0INTEGRATION/u_logic/Htmpw6_reg/C is not reached by a timing clock
Related violations: <none>

TIMING-17#271 Warning
Non-clocked sequential cell  
The clock pin u_CORTEXM0INTEGRATION/u_logic/Huxpw6_reg/C is not reached by a timing clock
Related violations: <none>

TIMING-17#272 Warning
Non-clocked sequential cell  
The clock pin u_CORTEXM0INTEGRATION/u_logic/Hysax6_reg/C is not reached by a timing clock
Related violations: <none>

TIMING-17#273 Warning
Non-clocked sequential cell  
The clock pin u_CORTEXM0INTEGRATION/u_logic/I1lpw6_reg/C is not reached by a timing clock
Related violations: <none>

TIMING-17#274 Warning
Non-clocked sequential cell  
The clock pin u_CORTEXM0INTEGRATION/u_logic/I1qpw6_reg/C is not reached by a timing clock
Related violations: <none>

TIMING-17#275 Warning
Non-clocked sequential cell  
The clock pin u_CORTEXM0INTEGRATION/u_logic/I2zax6_reg/C is not reached by a timing clock
Related violations: <none>

TIMING-17#276 Warning
Non-clocked sequential cell  
The clock pin u_CORTEXM0INTEGRATION/u_logic/I3qpw6_reg/C is not reached by a timing clock
Related violations: <none>

TIMING-17#277 Warning
Non-clocked sequential cell  
The clock pin u_CORTEXM0INTEGRATION/u_logic/I45bx6_reg/C is not reached by a timing clock
Related violations: <none>

TIMING-17#278 Warning
Non-clocked sequential cell  
The clock pin u_CORTEXM0INTEGRATION/u_logic/I5qpw6_reg/C is not reached by a timing clock
Related violations: <none>

TIMING-17#279 Warning
Non-clocked sequential cell  
The clock pin u_CORTEXM0INTEGRATION/u_logic/I5xax6_reg/C is not reached by a timing clock
Related violations: <none>

TIMING-17#280 Warning
Non-clocked sequential cell  
The clock pin u_CORTEXM0INTEGRATION/u_logic/I74bx6_reg/C is not reached by a timing clock
Related violations: <none>

TIMING-17#281 Warning
Non-clocked sequential cell  
The clock pin u_CORTEXM0INTEGRATION/u_logic/I7qpw6_reg/C is not reached by a timing clock
Related violations: <none>

TIMING-17#282 Warning
Non-clocked sequential cell  
The clock pin u_CORTEXM0INTEGRATION/u_logic/I8hax6_reg/C is not reached by a timing clock
Related violations: <none>

TIMING-17#283 Warning
Non-clocked sequential cell  
The clock pin u_CORTEXM0INTEGRATION/u_logic/I9qpw6_reg/C is not reached by a timing clock
Related violations: <none>

TIMING-17#284 Warning
Non-clocked sequential cell  
The clock pin u_CORTEXM0INTEGRATION/u_logic/Ibqpw6_reg/C is not reached by a timing clock
Related violations: <none>

TIMING-17#285 Warning
Non-clocked sequential cell  
The clock pin u_CORTEXM0INTEGRATION/u_logic/Iekax6_reg/C is not reached by a timing clock
Related violations: <none>

TIMING-17#286 Warning
Non-clocked sequential cell  
The clock pin u_CORTEXM0INTEGRATION/u_logic/Ih0bx6_reg/C is not reached by a timing clock
Related violations: <none>

TIMING-17#287 Warning
Non-clocked sequential cell  
The clock pin u_CORTEXM0INTEGRATION/u_logic/Iixpw6_reg/C is not reached by a timing clock
Related violations: <none>

TIMING-17#288 Warning
Non-clocked sequential cell  
The clock pin u_CORTEXM0INTEGRATION/u_logic/Ijiax6_reg/C is not reached by a timing clock
Related violations: <none>

TIMING-17#289 Warning
Non-clocked sequential cell  
The clock pin u_CORTEXM0INTEGRATION/u_logic/Ikhbx6_reg/C is not reached by a timing clock
Related violations: <none>

TIMING-17#290 Warning
Non-clocked sequential cell  
The clock pin u_CORTEXM0INTEGRATION/u_logic/Imhbx6_reg/C is not reached by a timing clock
Related violations: <none>

TIMING-17#291 Warning
Non-clocked sequential cell  
The clock pin u_CORTEXM0INTEGRATION/u_logic/Ipoax6_reg/C is not reached by a timing clock
Related violations: <none>

TIMING-17#292 Warning
Non-clocked sequential cell  
The clock pin u_CORTEXM0INTEGRATION/u_logic/Ir1qw6_reg/C is not reached by a timing clock
Related violations: <none>

TIMING-17#293 Warning
Non-clocked sequential cell  
The clock pin u_CORTEXM0INTEGRATION/u_logic/Irmpw6_reg/C is not reached by a timing clock
Related violations: <none>

TIMING-17#294 Warning
Non-clocked sequential cell  
The clock pin u_CORTEXM0INTEGRATION/u_logic/Iwsax6_reg/C is not reached by a timing clock
Related violations: <none>

TIMING-17#295 Warning
Non-clocked sequential cell  
The clock pin u_CORTEXM0INTEGRATION/u_logic/Ixppw6_reg/C is not reached by a timing clock
Related violations: <none>

TIMING-17#296 Warning
Non-clocked sequential cell  
The clock pin u_CORTEXM0INTEGRATION/u_logic/Izppw6_reg/C is not reached by a timing clock
Related violations: <none>

TIMING-17#297 Warning
Non-clocked sequential cell  
The clock pin u_CORTEXM0INTEGRATION/u_logic/J06bx6_reg/C is not reached by a timing clock
Related violations: <none>

TIMING-17#298 Warning
Non-clocked sequential cell  
The clock pin u_CORTEXM0INTEGRATION/u_logic/J0iax6_reg/C is not reached by a timing clock
Related violations: <none>

TIMING-17#299 Warning
Non-clocked sequential cell  
The clock pin u_CORTEXM0INTEGRATION/u_logic/J3xax6_reg/C is not reached by a timing clock
Related violations: <none>

TIMING-17#300 Warning
Non-clocked sequential cell  
The clock pin u_CORTEXM0INTEGRATION/u_logic/J6zax6_reg/C is not reached by a timing clock
Related violations: <none>

TIMING-17#301 Warning
Non-clocked sequential cell  
The clock pin u_CORTEXM0INTEGRATION/u_logic/J7xax6_reg/C is not reached by a timing clock
Related violations: <none>

TIMING-17#302 Warning
Non-clocked sequential cell  
The clock pin u_CORTEXM0INTEGRATION/u_logic/Jckax6_reg/C is not reached by a timing clock
Related violations: <none>

TIMING-17#303 Warning
Non-clocked sequential cell  
The clock pin u_CORTEXM0INTEGRATION/u_logic/Jdgbx6_reg/C is not reached by a timing clock
Related violations: <none>

TIMING-17#304 Warning
Non-clocked sequential cell  
The clock pin u_CORTEXM0INTEGRATION/u_logic/Jgxpw6_reg/C is not reached by a timing clock
Related violations: <none>

TIMING-17#305 Warning
Non-clocked sequential cell  
The clock pin u_CORTEXM0INTEGRATION/u_logic/Jj0bx6_reg/C is not reached by a timing clock
Related violations: <none>

TIMING-17#306 Warning
Non-clocked sequential cell  
The clock pin u_CORTEXM0INTEGRATION/u_logic/Jjvpw6_reg/C is not reached by a timing clock
Related violations: <none>

TIMING-17#307 Warning
Non-clocked sequential cell  
The clock pin u_CORTEXM0INTEGRATION/u_logic/Jlvpw6_reg/C is not reached by a timing clock
Related violations: <none>

TIMING-17#308 Warning
Non-clocked sequential cell  
The clock pin u_CORTEXM0INTEGRATION/u_logic/Jnoax6_reg/C is not reached by a timing clock
Related violations: <none>

TIMING-17#309 Warning
Non-clocked sequential cell  
The clock pin u_CORTEXM0INTEGRATION/u_logic/Jnvpw6_reg/C is not reached by a timing clock
Related violations: <none>

TIMING-17#310 Warning
Non-clocked sequential cell  
The clock pin u_CORTEXM0INTEGRATION/u_logic/Johbx6_reg/C is not reached by a timing clock
Related violations: <none>

TIMING-17#311 Warning
Non-clocked sequential cell  
The clock pin u_CORTEXM0INTEGRATION/u_logic/Jp1qw6_reg/C is not reached by a timing clock
Related violations: <none>

TIMING-17#312 Warning
Non-clocked sequential cell  
The clock pin u_CORTEXM0INTEGRATION/u_logic/Jpmpw6_reg/C is not reached by a timing clock
Related violations: <none>

TIMING-17#313 Warning
Non-clocked sequential cell  
The clock pin u_CORTEXM0INTEGRATION/u_logic/Jpvpw6_reg/C is not reached by a timing clock
Related violations: <none>

TIMING-17#314 Warning
Non-clocked sequential cell  
The clock pin u_CORTEXM0INTEGRATION/u_logic/Jrvpw6_reg/C is not reached by a timing clock
Related violations: <none>

TIMING-17#315 Warning
Non-clocked sequential cell  
The clock pin u_CORTEXM0INTEGRATION/u_logic/Jrypw6_reg/C is not reached by a timing clock
Related violations: <none>

TIMING-17#316 Warning
Non-clocked sequential cell  
The clock pin u_CORTEXM0INTEGRATION/u_logic/Jtvpw6_reg/C is not reached by a timing clock
Related violations: <none>

TIMING-17#317 Warning
Non-clocked sequential cell  
The clock pin u_CORTEXM0INTEGRATION/u_logic/Jusax6_reg/C is not reached by a timing clock
Related violations: <none>

TIMING-17#318 Warning
Non-clocked sequential cell  
The clock pin u_CORTEXM0INTEGRATION/u_logic/Jvppw6_reg/C is not reached by a timing clock
Related violations: <none>

TIMING-17#319 Warning
Non-clocked sequential cell  
The clock pin u_CORTEXM0INTEGRATION/u_logic/Jx1bx6_reg/C is not reached by a timing clock
Related violations: <none>

TIMING-17#320 Warning
Non-clocked sequential cell  
The clock pin u_CORTEXM0INTEGRATION/u_logic/Jy5bx6_reg/C is not reached by a timing clock
Related violations: <none>

TIMING-17#321 Warning
Non-clocked sequential cell  
The clock pin u_CORTEXM0INTEGRATION/u_logic/Jz2bx6_reg/C is not reached by a timing clock
Related violations: <none>

TIMING-17#322 Warning
Non-clocked sequential cell  
The clock pin u_CORTEXM0INTEGRATION/u_logic/K1xax6_reg/C is not reached by a timing clock
Related violations: <none>

TIMING-17#323 Warning
Non-clocked sequential cell  
The clock pin u_CORTEXM0INTEGRATION/u_logic/K65bx6_reg/C is not reached by a timing clock
Related violations: <none>

TIMING-17#324 Warning
Non-clocked sequential cell  
The clock pin u_CORTEXM0INTEGRATION/u_logic/K94bx6_reg/C is not reached by a timing clock
Related violations: <none>

TIMING-17#325 Warning
Non-clocked sequential cell  
The clock pin u_CORTEXM0INTEGRATION/u_logic/Kakax6_reg/C is not reached by a timing clock
Related violations: <none>

TIMING-17#326 Warning
Non-clocked sequential cell  
The clock pin u_CORTEXM0INTEGRATION/u_logic/Kfoax6_reg/C is not reached by a timing clock
Related violations: <none>

TIMING-17#327 Warning
Non-clocked sequential cell  
The clock pin u_CORTEXM0INTEGRATION/u_logic/Khoax6_reg/C is not reached by a timing clock
Related violations: <none>

TIMING-17#328 Warning
Non-clocked sequential cell  
The clock pin u_CORTEXM0INTEGRATION/u_logic/Kjoax6_reg/C is not reached by a timing clock
Related violations: <none>

TIMING-17#329 Warning
Non-clocked sequential cell  
The clock pin u_CORTEXM0INTEGRATION/u_logic/Kkjpw6_reg/C is not reached by a timing clock
Related violations: <none>

TIMING-17#330 Warning
Non-clocked sequential cell  
The clock pin u_CORTEXM0INTEGRATION/u_logic/Kl0bx6_reg/C is not reached by a timing clock
Related violations: <none>

TIMING-17#331 Warning
Non-clocked sequential cell  
The clock pin u_CORTEXM0INTEGRATION/u_logic/Kloax6_reg/C is not reached by a timing clock
Related violations: <none>

TIMING-17#332 Warning
Non-clocked sequential cell  
The clock pin u_CORTEXM0INTEGRATION/u_logic/Kmjpw6_reg/C is not reached by a timing clock
Related violations: <none>

TIMING-17#333 Warning
Non-clocked sequential cell  
The clock pin u_CORTEXM0INTEGRATION/u_logic/Kmsax6_reg/C is not reached by a timing clock
Related violations: <none>

TIMING-17#334 Warning
Non-clocked sequential cell  
The clock pin u_CORTEXM0INTEGRATION/u_logic/Kn1qw6_reg/C is not reached by a timing clock
Related violations: <none>

TIMING-17#335 Warning
Non-clocked sequential cell  
The clock pin u_CORTEXM0INTEGRATION/u_logic/Knhax6_reg/C is not reached by a timing clock
Related violations: <none>

TIMING-17#336 Warning
Non-clocked sequential cell  
The clock pin u_CORTEXM0INTEGRATION/u_logic/Kojpw6_reg/C is not reached by a timing clock
Related violations: <none>

TIMING-17#337 Warning
Non-clocked sequential cell  
The clock pin u_CORTEXM0INTEGRATION/u_logic/Kosax6_reg/C is not reached by a timing clock
Related violations: <none>

TIMING-17#338 Warning
Non-clocked sequential cell  
The clock pin u_CORTEXM0INTEGRATION/u_logic/Kqhbx6_reg/C is not reached by a timing clock
Related violations: <none>

TIMING-17#339 Warning
Non-clocked sequential cell  
The clock pin u_CORTEXM0INTEGRATION/u_logic/Kqsax6_reg/C is not reached by a timing clock
Related violations: <none>

TIMING-17#340 Warning
Non-clocked sequential cell  
The clock pin u_CORTEXM0INTEGRATION/u_logic/Kssax6_reg/C is not reached by a timing clock
Related violations: <none>

TIMING-17#341 Warning
Non-clocked sequential cell  
The clock pin u_CORTEXM0INTEGRATION/u_logic/Ktppw6_reg/C is not reached by a timing clock
Related violations: <none>

TIMING-17#342 Warning
Non-clocked sequential cell  
The clock pin u_CORTEXM0INTEGRATION/u_logic/Kzabx6_reg/C is not reached by a timing clock
Related violations: <none>

TIMING-17#343 Warning
Non-clocked sequential cell  
The clock pin u_CORTEXM0INTEGRATION/u_logic/L1bbx6_reg/C is not reached by a timing clock
Related violations: <none>

TIMING-17#344 Warning
Non-clocked sequential cell  
The clock pin u_CORTEXM0INTEGRATION/u_logic/L4lax6_reg/C is not reached by a timing clock
Related violations: <none>

TIMING-17#345 Warning
Non-clocked sequential cell  
The clock pin u_CORTEXM0INTEGRATION/u_logic/L6hax6_reg/C is not reached by a timing clock
Related violations: <none>

TIMING-17#346 Warning
Non-clocked sequential cell  
The clock pin u_CORTEXM0INTEGRATION/u_logic/L6lax6_reg/C is not reached by a timing clock
Related violations: <none>

TIMING-17#347 Warning
Non-clocked sequential cell  
The clock pin u_CORTEXM0INTEGRATION/u_logic/L8kax6_reg/C is not reached by a timing clock
Related violations: <none>

TIMING-17#348 Warning
Non-clocked sequential cell  
The clock pin u_CORTEXM0INTEGRATION/u_logic/L8zax6_reg/C is not reached by a timing clock
Related violations: <none>

TIMING-17#349 Warning
Non-clocked sequential cell  
The clock pin u_CORTEXM0INTEGRATION/u_logic/L9xax6_reg/C is not reached by a timing clock
Related violations: <none>

TIMING-17#350 Warning
Non-clocked sequential cell  
The clock pin u_CORTEXM0INTEGRATION/u_logic/Ldoax6_reg/C is not reached by a timing clock
Related violations: <none>

TIMING-17#351 Warning
Non-clocked sequential cell  
The clock pin u_CORTEXM0INTEGRATION/u_logic/Ldwax6_reg/C is not reached by a timing clock
Related violations: <none>

TIMING-17#352 Warning
Non-clocked sequential cell  
The clock pin u_CORTEXM0INTEGRATION/u_logic/Lerpw6_reg/C is not reached by a timing clock
Related violations: <none>

TIMING-17#353 Warning
Non-clocked sequential cell  
The clock pin u_CORTEXM0INTEGRATION/u_logic/Lfgbx6_reg/C is not reached by a timing clock
Related violations: <none>

TIMING-17#354 Warning
Non-clocked sequential cell  
The clock pin u_CORTEXM0INTEGRATION/u_logic/Lfppw6_reg/C is not reached by a timing clock
Related violations: <none>

TIMING-17#355 Warning
Non-clocked sequential cell  
The clock pin u_CORTEXM0INTEGRATION/u_logic/Lfwax6_reg/C is not reached by a timing clock
Related violations: <none>

TIMING-17#356 Warning
Non-clocked sequential cell  
The clock pin u_CORTEXM0INTEGRATION/u_logic/Lg1bx6_reg/C is not reached by a timing clock
Related violations: <none>

TIMING-17#357 Warning
Non-clocked sequential cell  
The clock pin u_CORTEXM0INTEGRATION/u_logic/Lgkax6_reg/C is not reached by a timing clock
Related violations: <none>

TIMING-17#358 Warning
Non-clocked sequential cell  
The clock pin u_CORTEXM0INTEGRATION/u_logic/Lhppw6_reg/C is not reached by a timing clock
Related violations: <none>

TIMING-17#359 Warning
Non-clocked sequential cell  
The clock pin u_CORTEXM0INTEGRATION/u_logic/Lhwax6_reg/C is not reached by a timing clock
Related violations: <none>

TIMING-17#360 Warning
Non-clocked sequential cell  
The clock pin u_CORTEXM0INTEGRATION/u_logic/Li2bx6_reg/C is not reached by a timing clock
Related violations: <none>

TIMING-17#361 Warning
Non-clocked sequential cell  
The clock pin u_CORTEXM0INTEGRATION/u_logic/Ljppw6_reg/C is not reached by a timing clock
Related violations: <none>

TIMING-17#362 Warning
Non-clocked sequential cell  
The clock pin u_CORTEXM0INTEGRATION/u_logic/Ljwax6_reg/C is not reached by a timing clock
Related violations: <none>

TIMING-17#363 Warning
Non-clocked sequential cell  
The clock pin u_CORTEXM0INTEGRATION/u_logic/Lksax6_reg/C is not reached by a timing clock
Related violations: <none>

TIMING-17#364 Warning
Non-clocked sequential cell  
The clock pin u_CORTEXM0INTEGRATION/u_logic/Llppw6_reg/C is not reached by a timing clock
Related violations: <none>

TIMING-17#365 Warning
Non-clocked sequential cell  
The clock pin u_CORTEXM0INTEGRATION/u_logic/Llwax6_reg/C is not reached by a timing clock
Related violations: <none>

TIMING-17#366 Warning
Non-clocked sequential cell  
The clock pin u_CORTEXM0INTEGRATION/u_logic/Ln0bx6_reg/C is not reached by a timing clock
Related violations: <none>

TIMING-17#367 Warning
Non-clocked sequential cell  
The clock pin u_CORTEXM0INTEGRATION/u_logic/Lnppw6_reg/C is not reached by a timing clock
Related violations: <none>

TIMING-17#368 Warning
Non-clocked sequential cell  
The clock pin u_CORTEXM0INTEGRATION/u_logic/Lnwax6_reg/C is not reached by a timing clock
Related violations: <none>

TIMING-17#369 Warning
Non-clocked sequential cell  
The clock pin u_CORTEXM0INTEGRATION/u_logic/Lpppw6_reg/C is not reached by a timing clock
Related violations: <none>

TIMING-17#370 Warning
Non-clocked sequential cell  
The clock pin u_CORTEXM0INTEGRATION/u_logic/Lpwax6_reg/C is not reached by a timing clock
Related violations: <none>

TIMING-17#371 Warning
Non-clocked sequential cell  
The clock pin u_CORTEXM0INTEGRATION/u_logic/Lqjpw6_reg/C is not reached by a timing clock
Related violations: <none>

TIMING-17#372 Warning
Non-clocked sequential cell  
The clock pin u_CORTEXM0INTEGRATION/u_logic/Lr9bx6_reg/C is not reached by a timing clock
Related violations: <none>

TIMING-17#373 Warning
Non-clocked sequential cell  
The clock pin u_CORTEXM0INTEGRATION/u_logic/Lrppw6_reg/C is not reached by a timing clock
Related violations: <none>

TIMING-17#374 Warning
Non-clocked sequential cell  
The clock pin u_CORTEXM0INTEGRATION/u_logic/Lrwax6_reg/C is not reached by a timing clock
Related violations: <none>

TIMING-17#375 Warning
Non-clocked sequential cell  
The clock pin u_CORTEXM0INTEGRATION/u_logic/Ltwax6_reg/C is not reached by a timing clock
Related violations: <none>

TIMING-17#376 Warning
Non-clocked sequential cell  
The clock pin u_CORTEXM0INTEGRATION/u_logic/Lvwax6_reg/C is not reached by a timing clock
Related violations: <none>

TIMING-17#377 Warning
Non-clocked sequential cell  
The clock pin u_CORTEXM0INTEGRATION/u_logic/Lxwax6_reg/C is not reached by a timing clock
Related violations: <none>

TIMING-17#378 Warning
Non-clocked sequential cell  
The clock pin u_CORTEXM0INTEGRATION/u_logic/Lywpw6_reg/C is not reached by a timing clock
Related violations: <none>

TIMING-17#379 Warning
Non-clocked sequential cell  
The clock pin u_CORTEXM0INTEGRATION/u_logic/Lzwax6_reg/C is not reached by a timing clock
Related violations: <none>

TIMING-17#380 Warning
Non-clocked sequential cell  
The clock pin u_CORTEXM0INTEGRATION/u_logic/M2ebx6_reg/C is not reached by a timing clock
Related violations: <none>

TIMING-17#381 Warning
Non-clocked sequential cell  
The clock pin u_CORTEXM0INTEGRATION/u_logic/M2lax6_reg/C is not reached by a timing clock
Related violations: <none>

TIMING-17#382 Warning
Non-clocked sequential cell  
The clock pin u_CORTEXM0INTEGRATION/u_logic/M3wax6_reg/C is not reached by a timing clock
Related violations: <none>

TIMING-17#383 Warning
Non-clocked sequential cell  
The clock pin u_CORTEXM0INTEGRATION/u_logic/M5wax6_reg/C is not reached by a timing clock
Related violations: <none>

TIMING-17#384 Warning
Non-clocked sequential cell  
The clock pin u_CORTEXM0INTEGRATION/u_logic/M6kax6_reg/C is not reached by a timing clock
Related violations: <none>

TIMING-17#385 Warning
Non-clocked sequential cell  
The clock pin u_CORTEXM0INTEGRATION/u_logic/M6rpw6_reg/C is not reached by a timing clock
Related violations: <none>

TIMING-17#386 Warning
Non-clocked sequential cell  
The clock pin u_CORTEXM0INTEGRATION/u_logic/M7wax6_reg/C is not reached by a timing clock
Related violations: <none>

TIMING-17#387 Warning
Non-clocked sequential cell  
The clock pin u_CORTEXM0INTEGRATION/u_logic/M85bx6_reg/C is not reached by a timing clock
Related violations: <none>

TIMING-17#388 Warning
Non-clocked sequential cell  
The clock pin u_CORTEXM0INTEGRATION/u_logic/M9wax6_reg/C is not reached by a timing clock
Related violations: <none>

TIMING-17#389 Warning
Non-clocked sequential cell  
The clock pin u_CORTEXM0INTEGRATION/u_logic/Mb4bx6_reg/C is not reached by a timing clock
Related violations: <none>

TIMING-17#390 Warning
Non-clocked sequential cell  
The clock pin u_CORTEXM0INTEGRATION/u_logic/Mboax6_reg/C is not reached by a timing clock
Related violations: <none>

TIMING-17#391 Warning
Non-clocked sequential cell  
The clock pin u_CORTEXM0INTEGRATION/u_logic/Mbwax6_reg/C is not reached by a timing clock
Related violations: <none>

TIMING-17#392 Warning
Non-clocked sequential cell  
The clock pin u_CORTEXM0INTEGRATION/u_logic/Mdppw6_reg/C is not reached by a timing clock
Related violations: <none>

TIMING-17#393 Warning
Non-clocked sequential cell  
The clock pin u_CORTEXM0INTEGRATION/u_logic/Mfyax6_reg/C is not reached by a timing clock
Related violations: <none>

TIMING-17#394 Warning
Non-clocked sequential cell  
The clock pin u_CORTEXM0INTEGRATION/u_logic/Misax6_reg/C is not reached by a timing clock
Related violations: <none>

TIMING-17#395 Warning
Non-clocked sequential cell  
The clock pin u_CORTEXM0INTEGRATION/u_logic/Mjmpw6_reg/C is not reached by a timing clock
Related violations: <none>

TIMING-17#396 Warning
Non-clocked sequential cell  
The clock pin u_CORTEXM0INTEGRATION/u_logic/Mk3bx6_reg/C is not reached by a timing clock
Related violations: <none>

TIMING-17#397 Warning
Non-clocked sequential cell  
The clock pin u_CORTEXM0INTEGRATION/u_logic/Mlmpw6_reg/C is not reached by a timing clock
Related violations: <none>

TIMING-17#398 Warning
Non-clocked sequential cell  
The clock pin u_CORTEXM0INTEGRATION/u_logic/Mnmpw6_reg/C is not reached by a timing clock
Related violations: <none>

TIMING-17#399 Warning
Non-clocked sequential cell  
The clock pin u_CORTEXM0INTEGRATION/u_logic/Mp0bx6_reg/C is not reached by a timing clock
Related violations: <none>

TIMING-17#400 Warning
Non-clocked sequential cell  
The clock pin u_CORTEXM0INTEGRATION/u_logic/Ms5bx6_reg/C is not reached by a timing clock
Related violations: <none>

TIMING-17#401 Warning
Non-clocked sequential cell  
The clock pin u_CORTEXM0INTEGRATION/u_logic/Muhbx6_reg/C is not reached by a timing clock
Related violations: <none>

TIMING-17#402 Warning
Non-clocked sequential cell  
The clock pin u_CORTEXM0INTEGRATION/u_logic/Mw5bx6_reg/C is not reached by a timing clock
Related violations: <none>

TIMING-17#403 Warning
Non-clocked sequential cell  
The clock pin u_CORTEXM0INTEGRATION/u_logic/N0lax6_reg/C is not reached by a timing clock
Related violations: <none>

TIMING-17#404 Warning
Non-clocked sequential cell  
The clock pin u_CORTEXM0INTEGRATION/u_logic/N0xpw6_reg/C is not reached by a timing clock
Related violations: <none>

TIMING-17#405 Warning
Non-clocked sequential cell  
The clock pin u_CORTEXM0INTEGRATION/u_logic/N1oax6_reg/C is not reached by a timing clock
Related violations: <none>

TIMING-17#406 Warning
Non-clocked sequential cell  
The clock pin u_CORTEXM0INTEGRATION/u_logic/N1wax6_reg/C is not reached by a timing clock
Related violations: <none>

TIMING-17#407 Warning
Non-clocked sequential cell  
The clock pin u_CORTEXM0INTEGRATION/u_logic/N3oax6_reg/C is not reached by a timing clock
Related violations: <none>

TIMING-17#408 Warning
Non-clocked sequential cell  
The clock pin u_CORTEXM0INTEGRATION/u_logic/N4kax6_reg/C is not reached by a timing clock
Related violations: <none>

TIMING-17#409 Warning
Non-clocked sequential cell  
The clock pin u_CORTEXM0INTEGRATION/u_logic/N5bbx6_reg/C is not reached by a timing clock
Related violations: <none>

TIMING-17#410 Warning
Non-clocked sequential cell  
The clock pin u_CORTEXM0INTEGRATION/u_logic/N5oax6_reg/C is not reached by a timing clock
Related violations: <none>

TIMING-17#411 Warning
Non-clocked sequential cell  
The clock pin u_CORTEXM0INTEGRATION/u_logic/N61qw6_reg/C is not reached by a timing clock
Related violations: <none>

TIMING-17#412 Warning
Non-clocked sequential cell  
The clock pin u_CORTEXM0INTEGRATION/u_logic/N7oax6_reg/C is not reached by a timing clock
Related violations: <none>

TIMING-17#413 Warning
Non-clocked sequential cell  
The clock pin u_CORTEXM0INTEGRATION/u_logic/N7ppw6_reg/C is not reached by a timing clock
Related violations: <none>

TIMING-17#414 Warning
Non-clocked sequential cell  
The clock pin u_CORTEXM0INTEGRATION/u_logic/N8rpw6_reg/C is not reached by a timing clock
Related violations: <none>

TIMING-17#415 Warning
Non-clocked sequential cell  
The clock pin u_CORTEXM0INTEGRATION/u_logic/N9oax6_reg/C is not reached by a timing clock
Related violations: <none>

TIMING-17#416 Warning
Non-clocked sequential cell  
The clock pin u_CORTEXM0INTEGRATION/u_logic/N9ppw6_reg/C is not reached by a timing clock
Related violations: <none>

TIMING-17#417 Warning
Non-clocked sequential cell  
The clock pin u_CORTEXM0INTEGRATION/u_logic/Nazax6_reg/C is not reached by a timing clock
Related violations: <none>

TIMING-17#418 Warning
Non-clocked sequential cell  
The clock pin u_CORTEXM0INTEGRATION/u_logic/Nbppw6_reg/C is not reached by a timing clock
Related violations: <none>

TIMING-17#419 Warning
Non-clocked sequential cell  
The clock pin u_CORTEXM0INTEGRATION/u_logic/Nbxax6_reg/C is not reached by a timing clock
Related violations: <none>

TIMING-17#420 Warning
Non-clocked sequential cell  
The clock pin u_CORTEXM0INTEGRATION/u_logic/Nfnax6_reg/C is not reached by a timing clock
Related violations: <none>

TIMING-17#421 Warning
Non-clocked sequential cell  
The clock pin u_CORTEXM0INTEGRATION/u_logic/Ngsax6_reg/C is not reached by a timing clock
Related violations: <none>

TIMING-17#422 Warning
Non-clocked sequential cell  
The clock pin u_CORTEXM0INTEGRATION/u_logic/Nhgbx6_reg/C is not reached by a timing clock
Related violations: <none>

TIMING-17#423 Warning
Non-clocked sequential cell  
The clock pin u_CORTEXM0INTEGRATION/u_logic/Nhnax6_reg/C is not reached by a timing clock
Related violations: <none>

TIMING-17#424 Warning
Non-clocked sequential cell  
The clock pin u_CORTEXM0INTEGRATION/u_logic/Ni5bx6_reg/C is not reached by a timing clock
Related violations: <none>

TIMING-17#425 Warning
Non-clocked sequential cell  
The clock pin u_CORTEXM0INTEGRATION/u_logic/Njnax6_reg/C is not reached by a timing clock
Related violations: <none>

TIMING-17#426 Warning
Non-clocked sequential cell  
The clock pin u_CORTEXM0INTEGRATION/u_logic/Nk5bx6_reg/C is not reached by a timing clock
Related violations: <none>

TIMING-17#427 Warning
Non-clocked sequential cell  
The clock pin u_CORTEXM0INTEGRATION/u_logic/Nlhax6_reg/C is not reached by a timing clock
Related violations: <none>

TIMING-17#428 Warning
Non-clocked sequential cell  
The clock pin u_CORTEXM0INTEGRATION/u_logic/Nlnax6_reg/C is not reached by a timing clock
Related violations: <none>

TIMING-17#429 Warning
Non-clocked sequential cell  
The clock pin u_CORTEXM0INTEGRATION/u_logic/Nm5bx6_reg/C is not reached by a timing clock
Related violations: <none>

TIMING-17#430 Warning
Non-clocked sequential cell  
The clock pin u_CORTEXM0INTEGRATION/u_logic/Nnnax6_reg/C is not reached by a timing clock
Related violations: <none>

TIMING-17#431 Warning
Non-clocked sequential cell  
The clock pin u_CORTEXM0INTEGRATION/u_logic/No5bx6_reg/C is not reached by a timing clock
Related violations: <none>

TIMING-17#432 Warning
Non-clocked sequential cell  
The clock pin u_CORTEXM0INTEGRATION/u_logic/Npnax6_reg/C is not reached by a timing clock
Related violations: <none>

TIMING-17#433 Warning
Non-clocked sequential cell  
The clock pin u_CORTEXM0INTEGRATION/u_logic/Npypw6_reg/C is not reached by a timing clock
Related violations: <none>

TIMING-17#434 Warning
Non-clocked sequential cell  
The clock pin u_CORTEXM0INTEGRATION/u_logic/Nq5bx6_reg/C is not reached by a timing clock
Related violations: <none>

TIMING-17#435 Warning
Non-clocked sequential cell  
The clock pin u_CORTEXM0INTEGRATION/u_logic/Nr0bx6_reg/C is not reached by a timing clock
Related violations: <none>

TIMING-17#436 Warning
Non-clocked sequential cell  
The clock pin u_CORTEXM0INTEGRATION/u_logic/Nr7ax6_reg/C is not reached by a timing clock
Related violations: <none>

TIMING-17#437 Warning
Non-clocked sequential cell  
The clock pin u_CORTEXM0INTEGRATION/u_logic/Nrnax6_reg/C is not reached by a timing clock
Related violations: <none>

TIMING-17#438 Warning
Non-clocked sequential cell  
The clock pin u_CORTEXM0INTEGRATION/u_logic/Nt9bx6_reg/C is not reached by a timing clock
Related violations: <none>

TIMING-17#439 Warning
Non-clocked sequential cell  
The clock pin u_CORTEXM0INTEGRATION/u_logic/Ntnax6_reg/C is not reached by a timing clock
Related violations: <none>

TIMING-17#440 Warning
Non-clocked sequential cell  
The clock pin u_CORTEXM0INTEGRATION/u_logic/Nu5bx6_reg/C is not reached by a timing clock
Related violations: <none>

TIMING-17#441 Warning
Non-clocked sequential cell  
The clock pin u_CORTEXM0INTEGRATION/u_logic/Nv9bx6_reg/C is not reached by a timing clock
Related violations: <none>

TIMING-17#442 Warning
Non-clocked sequential cell  
The clock pin u_CORTEXM0INTEGRATION/u_logic/Nvnax6_reg/C is not reached by a timing clock
Related violations: <none>

TIMING-17#443 Warning
Non-clocked sequential cell  
The clock pin u_CORTEXM0INTEGRATION/u_logic/Nwbbx6_reg/C is not reached by a timing clock
Related violations: <none>

TIMING-17#444 Warning
Non-clocked sequential cell  
The clock pin u_CORTEXM0INTEGRATION/u_logic/Nxabx6_reg/C is not reached by a timing clock
Related violations: <none>

TIMING-17#445 Warning
Non-clocked sequential cell  
The clock pin u_CORTEXM0INTEGRATION/u_logic/Nxnax6_reg/C is not reached by a timing clock
Related violations: <none>

TIMING-17#446 Warning
Non-clocked sequential cell  
The clock pin u_CORTEXM0INTEGRATION/u_logic/Nybbx6_reg/C is not reached by a timing clock
Related violations: <none>

TIMING-17#447 Warning
Non-clocked sequential cell  
The clock pin u_CORTEXM0INTEGRATION/u_logic/Nyhax6_reg/C is not reached by a timing clock
Related violations: <none>

TIMING-17#448 Warning
Non-clocked sequential cell  
The clock pin u_CORTEXM0INTEGRATION/u_logic/Nznax6_reg/C is not reached by a timing clock
Related violations: <none>

TIMING-17#449 Warning
Non-clocked sequential cell  
The clock pin u_CORTEXM0INTEGRATION/u_logic/O0sax6_reg/C is not reached by a timing clock
Related violations: <none>

TIMING-17#450 Warning
Non-clocked sequential cell  
The clock pin u_CORTEXM0INTEGRATION/u_logic/O1jbx6_reg/C is not reached by a timing clock
Related violations: <none>

TIMING-17#451 Warning
Non-clocked sequential cell  
The clock pin u_CORTEXM0INTEGRATION/u_logic/O1ppw6_reg/C is not reached by a timing clock
Related violations: <none>

TIMING-17#452 Warning
Non-clocked sequential cell  
The clock pin u_CORTEXM0INTEGRATION/u_logic/O2kax6_reg/C is not reached by a timing clock
Related violations: <none>

TIMING-17#453 Warning
Non-clocked sequential cell  
The clock pin u_CORTEXM0INTEGRATION/u_logic/O2sax6_reg/C is not reached by a timing clock
Related violations: <none>

TIMING-17#454 Warning
Non-clocked sequential cell  
The clock pin u_CORTEXM0INTEGRATION/u_logic/O3ppw6_reg/C is not reached by a timing clock
Related violations: <none>

TIMING-17#455 Warning
Non-clocked sequential cell  
The clock pin u_CORTEXM0INTEGRATION/u_logic/O41qw6_reg/C is not reached by a timing clock
Related violations: <none>

TIMING-17#456 Warning
Non-clocked sequential cell  
The clock pin u_CORTEXM0INTEGRATION/u_logic/O4hax6_reg/C is not reached by a timing clock
Related violations: <none>

TIMING-17#457 Warning
Non-clocked sequential cell  
The clock pin u_CORTEXM0INTEGRATION/u_logic/O4sax6_reg/C is not reached by a timing clock
Related violations: <none>

TIMING-17#458 Warning
Non-clocked sequential cell  
The clock pin u_CORTEXM0INTEGRATION/u_logic/O5ppw6_reg/C is not reached by a timing clock
Related violations: <none>

TIMING-17#459 Warning
Non-clocked sequential cell  
The clock pin u_CORTEXM0INTEGRATION/u_logic/O6sax6_reg/C is not reached by a timing clock
Related violations: <none>

TIMING-17#460 Warning
Non-clocked sequential cell  
The clock pin u_CORTEXM0INTEGRATION/u_logic/O8sax6_reg/C is not reached by a timing clock
Related violations: <none>

TIMING-17#461 Warning
Non-clocked sequential cell  
The clock pin u_CORTEXM0INTEGRATION/u_logic/Oa5bx6_reg/C is not reached by a timing clock
Related violations: <none>

TIMING-17#462 Warning
Non-clocked sequential cell  
The clock pin u_CORTEXM0INTEGRATION/u_logic/Oarpw6_reg/C is not reached by a timing clock
Related violations: <none>

TIMING-17#463 Warning
Non-clocked sequential cell  
The clock pin u_CORTEXM0INTEGRATION/u_logic/Oasax6_reg/C is not reached by a timing clock
Related violations: <none>

TIMING-17#464 Warning
Non-clocked sequential cell  
The clock pin u_CORTEXM0INTEGRATION/u_logic/Ocsax6_reg/C is not reached by a timing clock
Related violations: <none>

TIMING-17#465 Warning
Non-clocked sequential cell  
The clock pin u_CORTEXM0INTEGRATION/u_logic/Od4bx6_reg/C is not reached by a timing clock
Related violations: <none>

TIMING-17#466 Warning
Non-clocked sequential cell  
The clock pin u_CORTEXM0INTEGRATION/u_logic/Odnax6_reg/C is not reached by a timing clock
Related violations: <none>

TIMING-17#467 Warning
Non-clocked sequential cell  
The clock pin u_CORTEXM0INTEGRATION/u_logic/Oesax6_reg/C is not reached by a timing clock
Related violations: <none>

TIMING-17#468 Warning
Non-clocked sequential cell  
The clock pin u_CORTEXM0INTEGRATION/u_logic/Ofmpw6_reg/C is not reached by a timing clock
Related violations: <none>

TIMING-17#469 Warning
Non-clocked sequential cell  
The clock pin u_CORTEXM0INTEGRATION/u_logic/Og5bx6_reg/C is not reached by a timing clock
Related violations: <none>

TIMING-17#470 Warning
Non-clocked sequential cell  
The clock pin u_CORTEXM0INTEGRATION/u_logic/Ohyax6_reg/C is not reached by a timing clock
Related violations: <none>

TIMING-17#471 Warning
Non-clocked sequential cell  
The clock pin u_CORTEXM0INTEGRATION/u_logic/Oikax6_reg/C is not reached by a timing clock
Related violations: <none>

TIMING-17#472 Warning
Non-clocked sequential cell  
The clock pin u_CORTEXM0INTEGRATION/u_logic/Onypw6_reg/C is not reached by a timing clock
Related violations: <none>

TIMING-17#473 Warning
Non-clocked sequential cell  
The clock pin u_CORTEXM0INTEGRATION/u_logic/Osrax6_reg/C is not reached by a timing clock
Related violations: <none>

TIMING-17#474 Warning
Non-clocked sequential cell  
The clock pin u_CORTEXM0INTEGRATION/u_logic/Ot0bx6_reg/C is not reached by a timing clock
Related violations: <none>

TIMING-17#475 Warning
Non-clocked sequential cell  
The clock pin u_CORTEXM0INTEGRATION/u_logic/Otopw6_reg/C is not reached by a timing clock
Related violations: <none>

TIMING-17#476 Warning
Non-clocked sequential cell  
The clock pin u_CORTEXM0INTEGRATION/u_logic/Ourax6_reg/C is not reached by a timing clock
Related violations: <none>

TIMING-17#477 Warning
Non-clocked sequential cell  
The clock pin u_CORTEXM0INTEGRATION/u_logic/Ovopw6_reg/C is not reached by a timing clock
Related violations: <none>

TIMING-17#478 Warning
Non-clocked sequential cell  
The clock pin u_CORTEXM0INTEGRATION/u_logic/Owhbx6_reg/C is not reached by a timing clock
Related violations: <none>

TIMING-17#479 Warning
Non-clocked sequential cell  
The clock pin u_CORTEXM0INTEGRATION/u_logic/Owrax6_reg/C is not reached by a timing clock
Related violations: <none>

TIMING-17#480 Warning
Non-clocked sequential cell  
The clock pin u_CORTEXM0INTEGRATION/u_logic/Ox9bx6_reg/C is not reached by a timing clock
Related violations: <none>

TIMING-17#481 Warning
Non-clocked sequential cell  
The clock pin u_CORTEXM0INTEGRATION/u_logic/Oxkpw6_reg/C is not reached by a timing clock
Related violations: <none>

TIMING-17#482 Warning
Non-clocked sequential cell  
The clock pin u_CORTEXM0INTEGRATION/u_logic/Oxopw6_reg/C is not reached by a timing clock
Related violations: <none>

TIMING-17#483 Warning
Non-clocked sequential cell  
The clock pin u_CORTEXM0INTEGRATION/u_logic/Oyhbx6_reg/C is not reached by a timing clock
Related violations: <none>

TIMING-17#484 Warning
Non-clocked sequential cell  
The clock pin u_CORTEXM0INTEGRATION/u_logic/Oykax6_reg/C is not reached by a timing clock
Related violations: <none>

TIMING-17#485 Warning
Non-clocked sequential cell  
The clock pin u_CORTEXM0INTEGRATION/u_logic/Oyrax6_reg/C is not reached by a timing clock
Related violations: <none>

TIMING-17#486 Warning
Non-clocked sequential cell  
The clock pin u_CORTEXM0INTEGRATION/u_logic/Ozopw6_reg/C is not reached by a timing clock
Related violations: <none>

TIMING-17#487 Warning
Non-clocked sequential cell  
The clock pin u_CORTEXM0INTEGRATION/u_logic/Ozvax6_reg/C is not reached by a timing clock
Related violations: <none>

TIMING-17#488 Warning
Non-clocked sequential cell  
The clock pin u_CORTEXM0INTEGRATION/u_logic/P0ibx6_reg/C is not reached by a timing clock
Related violations: <none>

TIMING-17#489 Warning
Non-clocked sequential cell  
The clock pin u_CORTEXM0INTEGRATION/u_logic/P0kax6_reg/C is not reached by a timing clock
Related violations: <none>

TIMING-17#490 Warning
Non-clocked sequential cell  
The clock pin u_CORTEXM0INTEGRATION/u_logic/P12bx6_reg/C is not reached by a timing clock
Related violations: <none>

TIMING-17#491 Warning
Non-clocked sequential cell  
The clock pin u_CORTEXM0INTEGRATION/u_logic/P14qw6_reg/C is not reached by a timing clock
Related violations: <none>

TIMING-17#492 Warning
Non-clocked sequential cell  
The clock pin u_CORTEXM0INTEGRATION/u_logic/P21qw6_reg/C is not reached by a timing clock
Related violations: <none>

TIMING-17#493 Warning
Non-clocked sequential cell  
The clock pin u_CORTEXM0INTEGRATION/u_logic/P2xpw6_reg/C is not reached by a timing clock
Related violations: <none>

TIMING-17#494 Warning
Non-clocked sequential cell  
The clock pin u_CORTEXM0INTEGRATION/u_logic/P33bx6_reg/C is not reached by a timing clock
Related violations: <none>

TIMING-17#495 Warning
Non-clocked sequential cell  
The clock pin u_CORTEXM0INTEGRATION/u_logic/P34qw6_reg/C is not reached by a timing clock
Related violations: <none>

TIMING-17#496 Warning
Non-clocked sequential cell  
The clock pin u_CORTEXM0INTEGRATION/u_logic/P4xpw6_reg/C is not reached by a timing clock
Related violations: <none>

TIMING-17#497 Warning
Non-clocked sequential cell  
The clock pin u_CORTEXM0INTEGRATION/u_logic/P54qw6_reg/C is not reached by a timing clock
Related violations: <none>

TIMING-17#498 Warning
Non-clocked sequential cell  
The clock pin u_CORTEXM0INTEGRATION/u_logic/P5vpw6_reg/C is not reached by a timing clock
Related violations: <none>

TIMING-17#499 Warning
Non-clocked sequential cell  
The clock pin u_CORTEXM0INTEGRATION/u_logic/P6xpw6_reg/C is not reached by a timing clock
Related violations: <none>

TIMING-17#500 Warning
Non-clocked sequential cell  
The clock pin u_CORTEXM0INTEGRATION/u_logic/P7bbx6_reg/C is not reached by a timing clock
Related violations: <none>

TIMING-17#501 Warning
Non-clocked sequential cell  
The clock pin u_CORTEXM0INTEGRATION/u_logic/P8xpw6_reg/C is not reached by a timing clock
Related violations: <none>

TIMING-17#502 Warning
Non-clocked sequential cell  
The clock pin u_CORTEXM0INTEGRATION/u_logic/Paxpw6_reg/C is not reached by a timing clock
Related violations: <none>

TIMING-17#503 Warning
Non-clocked sequential cell  
The clock pin u_CORTEXM0INTEGRATION/u_logic/Pbbbx6_reg/C is not reached by a timing clock
Related violations: <none>

TIMING-17#504 Warning
Non-clocked sequential cell  
The clock pin u_CORTEXM0INTEGRATION/u_logic/Pbnax6_reg/C is not reached by a timing clock
Related violations: <none>

TIMING-17#505 Warning
Non-clocked sequential cell  
The clock pin u_CORTEXM0INTEGRATION/u_logic/Pcrpw6_reg/C is not reached by a timing clock
Related violations: <none>

TIMING-17#506 Warning
Non-clocked sequential cell  
The clock pin u_CORTEXM0INTEGRATION/u_logic/Pcxpw6_reg/C is not reached by a timing clock
Related violations: <none>

TIMING-17#507 Warning
Non-clocked sequential cell  
The clock pin u_CORTEXM0INTEGRATION/u_logic/Pczax6_reg/C is not reached by a timing clock
Related violations: <none>

TIMING-17#508 Warning
Non-clocked sequential cell  
The clock pin u_CORTEXM0INTEGRATION/u_logic/Pdmpw6_reg/C is not reached by a timing clock
Related violations: <none>

TIMING-17#509 Warning
Non-clocked sequential cell  
The clock pin u_CORTEXM0INTEGRATION/u_logic/Pdxax6_reg/C is not reached by a timing clock
Related violations: <none>

TIMING-17#510 Warning
Non-clocked sequential cell  
The clock pin u_CORTEXM0INTEGRATION/u_logic/Pdyax6_reg/C is not reached by a timing clock
Related violations: <none>

TIMING-17#511 Warning
Non-clocked sequential cell  
The clock pin u_CORTEXM0INTEGRATION/u_logic/Pe5bx6_reg/C is not reached by a timing clock
Related violations: <none>

TIMING-17#512 Warning
Non-clocked sequential cell  
The clock pin u_CORTEXM0INTEGRATION/u_logic/Pejbx6_reg/C is not reached by a timing clock
Related violations: <none>

TIMING-17#513 Warning
Non-clocked sequential cell  
The clock pin u_CORTEXM0INTEGRATION/u_logic/Pjgbx6_reg/C is not reached by a timing clock
Related violations: <none>

TIMING-17#514 Warning
Non-clocked sequential cell  
The clock pin u_CORTEXM0INTEGRATION/u_logic/Plypw6_reg/C is not reached by a timing clock
Related violations: <none>

TIMING-17#515 Warning
Non-clocked sequential cell  
The clock pin u_CORTEXM0INTEGRATION/u_logic/Pqrax6_reg/C is not reached by a timing clock
Related violations: <none>

TIMING-17#516 Warning
Non-clocked sequential cell  
The clock pin u_CORTEXM0INTEGRATION/u_logic/Propw6_reg/C is not reached by a timing clock
Related violations: <none>

TIMING-17#517 Warning
Non-clocked sequential cell  
The clock pin u_CORTEXM0INTEGRATION/u_logic/Pt7ax6_reg/C is not reached by a timing clock
Related violations: <none>

TIMING-17#518 Warning
Non-clocked sequential cell  
The clock pin u_CORTEXM0INTEGRATION/u_logic/Pv0bx6_reg/C is not reached by a timing clock
Related violations: <none>

TIMING-17#519 Warning
Non-clocked sequential cell  
The clock pin u_CORTEXM0INTEGRATION/u_logic/Pwkax6_reg/C is not reached by a timing clock
Related violations: <none>

TIMING-17#520 Warning
Non-clocked sequential cell  
The clock pin u_CORTEXM0INTEGRATION/u_logic/Pxvax6_reg/C is not reached by a timing clock
Related violations: <none>

TIMING-17#521 Warning
Non-clocked sequential cell  
The clock pin u_CORTEXM0INTEGRATION/u_logic/Pz9bx6_reg/C is not reached by a timing clock
Related violations: <none>

TIMING-17#522 Warning
Non-clocked sequential cell  
The clock pin u_CORTEXM0INTEGRATION/u_logic/Pzibx6_reg/C is not reached by a timing clock
Related violations: <none>

TIMING-17#523 Warning
Non-clocked sequential cell  
The clock pin u_CORTEXM0INTEGRATION/u_logic/Pzkpw6_reg/C is not reached by a timing clock
Related violations: <none>

TIMING-17#524 Warning
Non-clocked sequential cell  
The clock pin u_CORTEXM0INTEGRATION/u_logic/Q01qw6_reg/C is not reached by a timing clock
Related violations: <none>

TIMING-17#525 Warning
Non-clocked sequential cell  
The clock pin u_CORTEXM0INTEGRATION/u_logic/Q9nax6_reg/C is not reached by a timing clock
Related violations: <none>

TIMING-17#526 Warning
Non-clocked sequential cell  
The clock pin u_CORTEXM0INTEGRATION/u_logic/Qakbx6_reg/C is not reached by a timing clock
Related violations: <none>

TIMING-17#527 Warning
Non-clocked sequential cell  
The clock pin u_CORTEXM0INTEGRATION/u_logic/Qbmpw6_reg/C is not reached by a timing clock
Related violations: <none>

TIMING-17#528 Warning
Non-clocked sequential cell  
The clock pin u_CORTEXM0INTEGRATION/u_logic/Qc5bx6_reg/C is not reached by a timing clock
Related violations: <none>

TIMING-17#529 Warning
Non-clocked sequential cell  
The clock pin u_CORTEXM0INTEGRATION/u_logic/Qf4bx6_reg/C is not reached by a timing clock
Related violations: <none>

TIMING-17#530 Warning
Non-clocked sequential cell  
The clock pin u_CORTEXM0INTEGRATION/u_logic/Qhmpw6_reg/C is not reached by a timing clock
Related violations: <none>

TIMING-17#531 Warning
Non-clocked sequential cell  
The clock pin u_CORTEXM0INTEGRATION/u_logic/Qijpw6_reg/C is not reached by a timing clock
Related violations: <none>

TIMING-17#532 Warning
Non-clocked sequential cell  
The clock pin u_CORTEXM0INTEGRATION/u_logic/Qirax6_reg/C is not reached by a timing clock
Related violations: <none>

TIMING-17#533 Warning
Non-clocked sequential cell  
The clock pin u_CORTEXM0INTEGRATION/u_logic/Qjhax6_reg/C is not reached by a timing clock
Related violations: <none>

TIMING-17#534 Warning
Non-clocked sequential cell  
The clock pin u_CORTEXM0INTEGRATION/u_logic/Qjyax6_reg/C is not reached by a timing clock
Related violations: <none>

TIMING-17#535 Warning
Non-clocked sequential cell  
The clock pin u_CORTEXM0INTEGRATION/u_logic/Qjypw6_reg/C is not reached by a timing clock
Related violations: <none>

TIMING-17#536 Warning
Non-clocked sequential cell  
The clock pin u_CORTEXM0INTEGRATION/u_logic/Qkrax6_reg/C is not reached by a timing clock
Related violations: <none>

TIMING-17#537 Warning
Non-clocked sequential cell  
The clock pin u_CORTEXM0INTEGRATION/u_logic/Qlopw6_reg/C is not reached by a timing clock
Related violations: <none>

TIMING-17#538 Warning
Non-clocked sequential cell  
The clock pin u_CORTEXM0INTEGRATION/u_logic/Qmrax6_reg/C is not reached by a timing clock
Related violations: <none>

TIMING-17#539 Warning
Non-clocked sequential cell  
The clock pin u_CORTEXM0INTEGRATION/u_logic/Qnopw6_reg/C is not reached by a timing clock
Related violations: <none>

TIMING-17#540 Warning
Non-clocked sequential cell  
The clock pin u_CORTEXM0INTEGRATION/u_logic/Qo3bx6_reg/C is not reached by a timing clock
Related violations: <none>

TIMING-17#541 Warning
Non-clocked sequential cell  
The clock pin u_CORTEXM0INTEGRATION/u_logic/Qorax6_reg/C is not reached by a timing clock
Related violations: <none>

TIMING-17#542 Warning
Non-clocked sequential cell  
The clock pin u_CORTEXM0INTEGRATION/u_logic/Qpopw6_reg/C is not reached by a timing clock
Related violations: <none>

TIMING-17#543 Warning
Non-clocked sequential cell  
The clock pin u_CORTEXM0INTEGRATION/u_logic/Qukax6_reg/C is not reached by a timing clock
Related violations: <none>

TIMING-17#544 Warning
Non-clocked sequential cell  
The clock pin u_CORTEXM0INTEGRATION/u_logic/Qvvax6_reg/C is not reached by a timing clock
Related violations: <none>

TIMING-17#545 Warning
Non-clocked sequential cell  
The clock pin u_CORTEXM0INTEGRATION/u_logic/Qx0bx6_reg/C is not reached by a timing clock
Related violations: <none>

TIMING-17#546 Warning
Non-clocked sequential cell  
The clock pin u_CORTEXM0INTEGRATION/u_logic/Qxibx6_reg/C is not reached by a timing clock
Related violations: <none>

TIMING-17#547 Warning
Non-clocked sequential cell  
The clock pin u_CORTEXM0INTEGRATION/u_logic/Qyjax6_reg/C is not reached by a timing clock
Related violations: <none>

TIMING-17#548 Warning
Non-clocked sequential cell  
The clock pin u_CORTEXM0INTEGRATION/u_logic/R1abx6_reg/C is not reached by a timing clock
Related violations: <none>

TIMING-17#549 Warning
Non-clocked sequential cell  
The clock pin u_CORTEXM0INTEGRATION/u_logic/R2hax6_reg/C is not reached by a timing clock
Related violations: <none>

TIMING-17#550 Warning
Non-clocked sequential cell  
The clock pin u_CORTEXM0INTEGRATION/u_logic/R3vpw6_reg/C is not reached by a timing clock
Related violations: <none>

TIMING-17#551 Warning
Non-clocked sequential cell  
The clock pin u_CORTEXM0INTEGRATION/u_logic/R7ibx6_reg/C is not reached by a timing clock
Related violations: <none>

TIMING-17#552 Warning
Non-clocked sequential cell  
The clock pin u_CORTEXM0INTEGRATION/u_logic/R7kpw6_reg/C is not reached by a timing clock
Related violations: <none>

TIMING-17#553 Warning
Non-clocked sequential cell  
The clock pin u_CORTEXM0INTEGRATION/u_logic/R7nax6_reg/C is not reached by a timing clock
Related violations: <none>

TIMING-17#554 Warning
Non-clocked sequential cell  
The clock pin u_CORTEXM0INTEGRATION/u_logic/R9ibx6_reg/C is not reached by a timing clock
Related violations: <none>

TIMING-17#555 Warning
Non-clocked sequential cell  
The clock pin u_CORTEXM0INTEGRATION/u_logic/R9mpw6_reg/C is not reached by a timing clock
Related violations: <none>

TIMING-17#556 Warning
Non-clocked sequential cell  
The clock pin u_CORTEXM0INTEGRATION/u_logic/R9yax6_reg/C is not reached by a timing clock
Related violations: <none>

TIMING-17#557 Warning
Non-clocked sequential cell  
The clock pin u_CORTEXM0INTEGRATION/u_logic/Rbibx6_reg/C is not reached by a timing clock
Related violations: <none>

TIMING-17#558 Warning
Non-clocked sequential cell  
The clock pin u_CORTEXM0INTEGRATION/u_logic/Rdibx6_reg/C is not reached by a timing clock
Related violations: <none>

TIMING-17#559 Warning
Non-clocked sequential cell  
The clock pin u_CORTEXM0INTEGRATION/u_logic/Rdkpw6_reg/C is not reached by a timing clock
Related violations: <none>

TIMING-17#560 Warning
Non-clocked sequential cell  
The clock pin u_CORTEXM0INTEGRATION/u_logic/Rekbx6_reg/C is not reached by a timing clock
Related violations: <none>

TIMING-17#561 Warning
Non-clocked sequential cell  
The clock pin u_CORTEXM0INTEGRATION/u_logic/Rezax6_reg/C is not reached by a timing clock
Related violations: <none>

TIMING-17#562 Warning
Non-clocked sequential cell  
The clock pin u_CORTEXM0INTEGRATION/u_logic/Rfibx6_reg/C is not reached by a timing clock
Related violations: <none>

TIMING-17#563 Warning
Non-clocked sequential cell  
The clock pin u_CORTEXM0INTEGRATION/u_logic/Rfkpw6_reg/C is not reached by a timing clock
Related violations: <none>

TIMING-17#564 Warning
Non-clocked sequential cell  
The clock pin u_CORTEXM0INTEGRATION/u_logic/Rfxax6_reg/C is not reached by a timing clock
Related violations: <none>

TIMING-17#565 Warning
Non-clocked sequential cell  
The clock pin u_CORTEXM0INTEGRATION/u_logic/Rgrax6_reg/C is not reached by a timing clock
Related violations: <none>

TIMING-17#566 Warning
Non-clocked sequential cell  
The clock pin u_CORTEXM0INTEGRATION/u_logic/Rhibx6_reg/C is not reached by a timing clock
Related violations: <none>

TIMING-17#567 Warning
Non-clocked sequential cell  
The clock pin u_CORTEXM0INTEGRATION/u_logic/Rhkpw6_reg/C is not reached by a timing clock
Related violations: <none>

TIMING-17#568 Warning
Non-clocked sequential cell  
The clock pin u_CORTEXM0INTEGRATION/u_logic/Rhypw6_reg/C is not reached by a timing clock
Related violations: <none>

TIMING-17#569 Warning
Non-clocked sequential cell  
The clock pin u_CORTEXM0INTEGRATION/u_logic/Rijbx6_reg/C is not reached by a timing clock
Related violations: <none>

TIMING-17#570 Warning
Non-clocked sequential cell  
The clock pin u_CORTEXM0INTEGRATION/u_logic/Rjibx6_reg/C is not reached by a timing clock
Related violations: <none>

TIMING-17#571 Warning
Non-clocked sequential cell  
The clock pin u_CORTEXM0INTEGRATION/u_logic/Rjopw6_reg/C is not reached by a timing clock
Related violations: <none>

TIMING-17#572 Warning
Non-clocked sequential cell  
The clock pin u_CORTEXM0INTEGRATION/u_logic/Rk1bx6_reg/C is not reached by a timing clock
Related violations: <none>

TIMING-17#573 Warning
Non-clocked sequential cell  
The clock pin u_CORTEXM0INTEGRATION/u_logic/Rkkax6_reg/C is not reached by a timing clock
Related violations: <none>

TIMING-17#574 Warning
Non-clocked sequential cell  
The clock pin u_CORTEXM0INTEGRATION/u_logic/Rlgbx6_reg/C is not reached by a timing clock
Related violations: <none>

TIMING-17#575 Warning
Non-clocked sequential cell  
The clock pin u_CORTEXM0INTEGRATION/u_logic/Rlibx6_reg/C is not reached by a timing clock
Related violations: <none>

TIMING-17#576 Warning
Non-clocked sequential cell  
The clock pin u_CORTEXM0INTEGRATION/u_logic/Rm2bx6_reg/C is not reached by a timing clock
Related violations: <none>

TIMING-17#577 Warning
Non-clocked sequential cell  
The clock pin u_CORTEXM0INTEGRATION/u_logic/Rnibx6_reg/C is not reached by a timing clock
Related violations: <none>

TIMING-17#578 Warning
Non-clocked sequential cell  
The clock pin u_CORTEXM0INTEGRATION/u_logic/Rnvax6_reg/C is not reached by a timing clock
Related violations: <none>

TIMING-17#579 Warning
Non-clocked sequential cell  
The clock pin u_CORTEXM0INTEGRATION/u_logic/Rpibx6_reg/C is not reached by a timing clock
Related violations: <none>

TIMING-17#580 Warning
Non-clocked sequential cell  
The clock pin u_CORTEXM0INTEGRATION/u_logic/Rpvax6_reg/C is not reached by a timing clock
Related violations: <none>

TIMING-17#581 Warning
Non-clocked sequential cell  
The clock pin u_CORTEXM0INTEGRATION/u_logic/Rq0qw6_reg/C is not reached by a timing clock
Related violations: <none>

TIMING-17#582 Warning
Non-clocked sequential cell  
The clock pin u_CORTEXM0INTEGRATION/u_logic/Rribx6_reg/C is not reached by a timing clock
Related violations: <none>

TIMING-17#583 Warning
Non-clocked sequential cell  
The clock pin u_CORTEXM0INTEGRATION/u_logic/Rrvax6_reg/C is not reached by a timing clock
Related violations: <none>

TIMING-17#584 Warning
Non-clocked sequential cell  
The clock pin u_CORTEXM0INTEGRATION/u_logic/Rskax6_reg/C is not reached by a timing clock
Related violations: <none>

TIMING-17#585 Warning
Non-clocked sequential cell  
The clock pin u_CORTEXM0INTEGRATION/u_logic/Rtibx6_reg/C is not reached by a timing clock
Related violations: <none>

TIMING-17#586 Warning
Non-clocked sequential cell  
The clock pin u_CORTEXM0INTEGRATION/u_logic/Rtvax6_reg/C is not reached by a timing clock
Related violations: <none>

TIMING-17#587 Warning
Non-clocked sequential cell  
The clock pin u_CORTEXM0INTEGRATION/u_logic/Rv7ax6_reg/C is not reached by a timing clock
Related violations: <none>

TIMING-17#588 Warning
Non-clocked sequential cell  
The clock pin u_CORTEXM0INTEGRATION/u_logic/Rvibx6_reg/C is not reached by a timing clock
Related violations: <none>

TIMING-17#589 Warning
Non-clocked sequential cell  
The clock pin u_CORTEXM0INTEGRATION/u_logic/Rwhax6_reg/C is not reached by a timing clock
Related violations: <none>

TIMING-17#590 Warning
Non-clocked sequential cell  
The clock pin u_CORTEXM0INTEGRATION/u_logic/Rwjax6_reg/C is not reached by a timing clock
Related violations: <none>

TIMING-17#591 Warning
Non-clocked sequential cell  
The clock pin u_CORTEXM0INTEGRATION/u_logic/Ry0qw6_reg/C is not reached by a timing clock
Related violations: <none>

TIMING-17#592 Warning
Non-clocked sequential cell  
The clock pin u_CORTEXM0INTEGRATION/u_logic/Rz0bx6_reg/C is not reached by a timing clock
Related violations: <none>

TIMING-17#593 Warning
Non-clocked sequential cell  
The clock pin u_CORTEXM0INTEGRATION/u_logic/S0kbx6_reg/C is not reached by a timing clock
Related violations: <none>

TIMING-17#594 Warning
Non-clocked sequential cell  
The clock pin u_CORTEXM0INTEGRATION/u_logic/S18ax6_reg/C is not reached by a timing clock
Related violations: <none>

TIMING-17#595 Warning
Non-clocked sequential cell  
The clock pin u_CORTEXM0INTEGRATION/u_logic/S1nax6_reg/C is not reached by a timing clock
Related violations: <none>

TIMING-17#596 Warning
Non-clocked sequential cell  
The clock pin u_CORTEXM0INTEGRATION/u_logic/S38ax6_reg/C is not reached by a timing clock
Related violations: <none>

TIMING-17#597 Warning
Non-clocked sequential cell  
The clock pin u_CORTEXM0INTEGRATION/u_logic/S3mpw6_reg/C is not reached by a timing clock
Related violations: <none>

TIMING-17#598 Warning
Non-clocked sequential cell  
The clock pin u_CORTEXM0INTEGRATION/u_logic/S3nax6_reg/C is not reached by a timing clock
Related violations: <none>

TIMING-17#599 Warning
Non-clocked sequential cell  
The clock pin u_CORTEXM0INTEGRATION/u_logic/S4kbx6_reg/C is not reached by a timing clock
Related violations: <none>

TIMING-17#600 Warning
Non-clocked sequential cell  
The clock pin u_CORTEXM0INTEGRATION/u_logic/S58ax6_reg/C is not reached by a timing clock
Related violations: <none>

TIMING-17#601 Warning
Non-clocked sequential cell  
The clock pin u_CORTEXM0INTEGRATION/u_logic/S5kpw6_reg/C is not reached by a timing clock
Related violations: <none>

TIMING-17#602 Warning
Non-clocked sequential cell  
The clock pin u_CORTEXM0INTEGRATION/u_logic/S5nax6_reg/C is not reached by a timing clock
Related violations: <none>

TIMING-17#603 Warning
Non-clocked sequential cell  
The clock pin u_CORTEXM0INTEGRATION/u_logic/S78ax6_reg/C is not reached by a timing clock
Related violations: <none>

TIMING-17#604 Warning
Non-clocked sequential cell  
The clock pin u_CORTEXM0INTEGRATION/u_logic/S7mpw6_reg/C is not reached by a timing clock
Related violations: <none>

TIMING-17#605 Warning
Non-clocked sequential cell  
The clock pin u_CORTEXM0INTEGRATION/u_logic/S7yax6_reg/C is not reached by a timing clock
Related violations: <none>

TIMING-17#606 Warning
Non-clocked sequential cell  
The clock pin u_CORTEXM0INTEGRATION/u_logic/S98ax6_reg/C is not reached by a timing clock
Related violations: <none>

TIMING-17#607 Warning
Non-clocked sequential cell  
The clock pin u_CORTEXM0INTEGRATION/u_logic/Sb8ax6_reg/C is not reached by a timing clock
Related violations: <none>

TIMING-17#608 Warning
Non-clocked sequential cell  
The clock pin u_CORTEXM0INTEGRATION/u_logic/Sejax6_reg/C is not reached by a timing clock
Related violations: <none>

TIMING-17#609 Warning
Non-clocked sequential cell  
The clock pin u_CORTEXM0INTEGRATION/u_logic/Serax6_reg/C is not reached by a timing clock
Related violations: <none>

TIMING-17#610 Warning
Non-clocked sequential cell  
The clock pin u_CORTEXM0INTEGRATION/u_logic/Sfypw6_reg/C is not reached by a timing clock
Related violations: <none>

TIMING-17#611 Warning
Non-clocked sequential cell  
The clock pin u_CORTEXM0INTEGRATION/u_logic/Sgjax6_reg/C is not reached by a timing clock
Related violations: <none>

TIMING-17#612 Warning
Non-clocked sequential cell  
The clock pin u_CORTEXM0INTEGRATION/u_logic/Sh4bx6_reg/C is not reached by a timing clock
Related violations: <none>

TIMING-17#613 Warning
Non-clocked sequential cell  
The clock pin u_CORTEXM0INTEGRATION/u_logic/Shopw6_reg/C is not reached by a timing clock
Related violations: <none>

TIMING-17#614 Warning
Non-clocked sequential cell  
The clock pin u_CORTEXM0INTEGRATION/u_logic/Sijax6_reg/C is not reached by a timing clock
Related violations: <none>

TIMING-17#615 Warning
Non-clocked sequential cell  
The clock pin u_CORTEXM0INTEGRATION/u_logic/Skjax6_reg/C is not reached by a timing clock
Related violations: <none>

TIMING-17#616 Warning
Non-clocked sequential cell  
The clock pin u_CORTEXM0INTEGRATION/u_logic/Slvax6_reg/C is not reached by a timing clock
Related violations: <none>

TIMING-17#617 Warning
Non-clocked sequential cell  
The clock pin u_CORTEXM0INTEGRATION/u_logic/Slyax6_reg/C is not reached by a timing clock
Related violations: <none>

TIMING-17#618 Warning
Non-clocked sequential cell  
The clock pin u_CORTEXM0INTEGRATION/u_logic/Smjax6_reg/C is not reached by a timing clock
Related violations: <none>

TIMING-17#619 Warning
Non-clocked sequential cell  
The clock pin u_CORTEXM0INTEGRATION/u_logic/Sn4bx6_reg/C is not reached by a timing clock
Related violations: <none>

TIMING-17#620 Warning
Non-clocked sequential cell  
The clock pin u_CORTEXM0INTEGRATION/u_logic/So0qw6_reg/C is not reached by a timing clock
Related violations: <none>

TIMING-17#621 Warning
Non-clocked sequential cell  
The clock pin u_CORTEXM0INTEGRATION/u_logic/Sojax6_reg/C is not reached by a timing clock
Related violations: <none>

TIMING-17#622 Warning
Non-clocked sequential cell  
The clock pin u_CORTEXM0INTEGRATION/u_logic/Sqjax6_reg/C is not reached by a timing clock
Related violations: <none>

TIMING-17#623 Warning
Non-clocked sequential cell  
The clock pin u_CORTEXM0INTEGRATION/u_logic/Sqkax6_reg/C is not reached by a timing clock
Related violations: <none>

TIMING-17#624 Warning
Non-clocked sequential cell  
The clock pin u_CORTEXM0INTEGRATION/u_logic/Ss0qw6_reg/C is not reached by a timing clock
Related violations: <none>

TIMING-17#625 Warning
Non-clocked sequential cell  
The clock pin u_CORTEXM0INTEGRATION/u_logic/Ssjax6_reg/C is not reached by a timing clock
Related violations: <none>

TIMING-17#626 Warning
Non-clocked sequential cell  
The clock pin u_CORTEXM0INTEGRATION/u_logic/Sujax6_reg/C is not reached by a timing clock
Related violations: <none>

TIMING-17#627 Warning
Non-clocked sequential cell  
The clock pin u_CORTEXM0INTEGRATION/u_logic/Sw0qw6_reg/C is not reached by a timing clock
Related violations: <none>

TIMING-17#628 Warning
Non-clocked sequential cell  
The clock pin u_CORTEXM0INTEGRATION/u_logic/Swjbx6_reg/C is not reached by a timing clock
Related violations: <none>

TIMING-17#629 Warning
Non-clocked sequential cell  
The clock pin u_CORTEXM0INTEGRATION/u_logic/Sx3qw6_reg/C is not reached by a timing clock
Related violations: <none>

TIMING-17#630 Warning
Non-clocked sequential cell  
The clock pin u_CORTEXM0INTEGRATION/u_logic/Sx7ax6_reg/C is not reached by a timing clock
Related violations: <none>

TIMING-17#631 Warning
Non-clocked sequential cell  
The clock pin u_CORTEXM0INTEGRATION/u_logic/Syjbx6_reg/C is not reached by a timing clock
Related violations: <none>

TIMING-17#632 Warning
Non-clocked sequential cell  
The clock pin u_CORTEXM0INTEGRATION/u_logic/Sz3qw6_reg/C is not reached by a timing clock
Related violations: <none>

TIMING-17#633 Warning
Non-clocked sequential cell  
The clock pin u_CORTEXM0INTEGRATION/u_logic/Sz7ax6_reg/C is not reached by a timing clock
Related violations: <none>

TIMING-17#634 Warning
Non-clocked sequential cell  
The clock pin u_CORTEXM0INTEGRATION/u_logic/Szmax6_reg/C is not reached by a timing clock
Related violations: <none>

TIMING-17#635 Warning
Non-clocked sequential cell  
The clock pin u_CORTEXM0INTEGRATION/u_logic/T00qw6_reg/C is not reached by a timing clock
Related violations: <none>

TIMING-17#636 Warning
Non-clocked sequential cell  
The clock pin u_CORTEXM0INTEGRATION/u_logic/T1fbx6_reg/C is not reached by a timing clock
Related violations: <none>

TIMING-17#637 Warning
Non-clocked sequential cell  
The clock pin u_CORTEXM0INTEGRATION/u_logic/T1vpw6_reg/C is not reached by a timing clock
Related violations: <none>

TIMING-17#638 Warning
Non-clocked sequential cell  
The clock pin u_CORTEXM0INTEGRATION/u_logic/T20qw6_reg/C is not reached by a timing clock
Related violations: <none>

TIMING-17#639 Warning
Non-clocked sequential cell  
The clock pin u_CORTEXM0INTEGRATION/u_logic/T2kbx6_reg/C is not reached by a timing clock
Related violations: <none>

TIMING-17#640 Warning
Non-clocked sequential cell  
The clock pin u_CORTEXM0INTEGRATION/u_logic/T3abx6_reg/C is not reached by a timing clock
Related violations: <none>

TIMING-17#641 Warning
Non-clocked sequential cell  
The clock pin u_CORTEXM0INTEGRATION/u_logic/T3fbx6_reg/C is not reached by a timing clock
Related violations: <none>

TIMING-17#642 Warning
Non-clocked sequential cell  
The clock pin u_CORTEXM0INTEGRATION/u_logic/T3kpw6_reg/C is not reached by a timing clock
Related violations: <none>

TIMING-17#643 Warning
Non-clocked sequential cell  
The clock pin u_CORTEXM0INTEGRATION/u_logic/T40qw6_reg/C is not reached by a timing clock
Related violations: <none>

TIMING-17#644 Warning
Non-clocked sequential cell  
The clock pin u_CORTEXM0INTEGRATION/u_logic/T5fbx6_reg/C is not reached by a timing clock
Related violations: <none>

TIMING-17#645 Warning
Non-clocked sequential cell  
The clock pin u_CORTEXM0INTEGRATION/u_logic/T5mpw6_reg/C is not reached by a timing clock
Related violations: <none>

TIMING-17#646 Warning
Non-clocked sequential cell  
The clock pin u_CORTEXM0INTEGRATION/u_logic/T5yax6_reg/C is not reached by a timing clock
Related violations: <none>

TIMING-17#647 Warning
Non-clocked sequential cell  
The clock pin u_CORTEXM0INTEGRATION/u_logic/T60qw6_reg/C is not reached by a timing clock
Related violations: <none>

TIMING-17#648 Warning
Non-clocked sequential cell  
The clock pin u_CORTEXM0INTEGRATION/u_logic/T6kbx6_reg/C is not reached by a timing clock
Related violations: <none>

TIMING-17#649 Warning
Non-clocked sequential cell  
The clock pin u_CORTEXM0INTEGRATION/u_logic/T7fbx6_reg/C is not reached by a timing clock
Related violations: <none>

TIMING-17#650 Warning
Non-clocked sequential cell  
The clock pin u_CORTEXM0INTEGRATION/u_logic/T80qw6_reg/C is not reached by a timing clock
Related violations: <none>

TIMING-17#651 Warning
Non-clocked sequential cell  
The clock pin u_CORTEXM0INTEGRATION/u_logic/T8kbx6_reg/C is not reached by a timing clock
Related violations: <none>

TIMING-17#652 Warning
Non-clocked sequential cell  
The clock pin u_CORTEXM0INTEGRATION/u_logic/T9fbx6_reg/C is not reached by a timing clock
Related violations: <none>

TIMING-17#653 Warning
Non-clocked sequential cell  
The clock pin u_CORTEXM0INTEGRATION/u_logic/T9kpw6_reg/C is not reached by a timing clock
Related violations: <none>

TIMING-17#654 Warning
Non-clocked sequential cell  
The clock pin u_CORTEXM0INTEGRATION/u_logic/Ta0qw6_reg/C is not reached by a timing clock
Related violations: <none>

TIMING-17#655 Warning
Non-clocked sequential cell  
The clock pin u_CORTEXM0INTEGRATION/u_logic/Tajax6_reg/C is not reached by a timing clock
Related violations: <none>

TIMING-17#656 Warning
Non-clocked sequential cell  
The clock pin u_CORTEXM0INTEGRATION/u_logic/Tbfbx6_reg/C is not reached by a timing clock
Related violations: <none>

TIMING-17#657 Warning
Non-clocked sequential cell  
The clock pin u_CORTEXM0INTEGRATION/u_logic/Tc0qw6_reg/C is not reached by a timing clock
Related violations: <none>

TIMING-17#658 Warning
Non-clocked sequential cell  
The clock pin u_CORTEXM0INTEGRATION/u_logic/Tcipw6_reg/C is not reached by a timing clock
Related violations: <none>

TIMING-17#659 Warning
Non-clocked sequential cell  
The clock pin u_CORTEXM0INTEGRATION/u_logic/Tcjax6_reg/C is not reached by a timing clock
Related violations: <none>

TIMING-17#660 Warning
Non-clocked sequential cell  
The clock pin u_CORTEXM0INTEGRATION/u_logic/Tcrax6_reg/C is not reached by a timing clock
Related violations: <none>

TIMING-17#661 Warning
Non-clocked sequential cell  
The clock pin u_CORTEXM0INTEGRATION/u_logic/Tdfbx6_reg/C is not reached by a timing clock
Related violations: <none>

TIMING-17#662 Warning
Non-clocked sequential cell  
The clock pin u_CORTEXM0INTEGRATION/u_logic/Tdypw6_reg/C is not reached by a timing clock
Related violations: <none>

TIMING-17#663 Warning
Non-clocked sequential cell  
The clock pin u_CORTEXM0INTEGRATION/u_logic/Te0qw6_reg/C is not reached by a timing clock
Related violations: <none>

TIMING-17#664 Warning
Non-clocked sequential cell  
The clock pin u_CORTEXM0INTEGRATION/u_logic/Tffbx6_reg/C is not reached by a timing clock
Related violations: <none>

TIMING-17#665 Warning
Non-clocked sequential cell  
The clock pin u_CORTEXM0INTEGRATION/u_logic/Tg0qw6_reg/C is not reached by a timing clock
Related violations: <none>

TIMING-17#666 Warning
Non-clocked sequential cell  
The clock pin u_CORTEXM0INTEGRATION/u_logic/Tgkbx6_reg/C is not reached by a timing clock
Related violations: <none>

TIMING-17#667 Warning
Non-clocked sequential cell  
The clock pin u_CORTEXM0INTEGRATION/u_logic/Tgzax6_reg/C is not reached by a timing clock
Related violations: <none>

TIMING-17#668 Warning
Non-clocked sequential cell  
The clock pin u_CORTEXM0INTEGRATION/u_logic/Thfbx6_reg/C is not reached by a timing clock
Related violations: <none>

TIMING-17#669 Warning
Non-clocked sequential cell  
The clock pin u_CORTEXM0INTEGRATION/u_logic/Thhax6_reg/C is not reached by a timing clock
Related violations: <none>

TIMING-17#670 Warning
Non-clocked sequential cell  
The clock pin u_CORTEXM0INTEGRATION/u_logic/Thxax6_reg/C is not reached by a timing clock
Related violations: <none>

TIMING-17#671 Warning
Non-clocked sequential cell  
The clock pin u_CORTEXM0INTEGRATION/u_logic/Ti0qw6_reg/C is not reached by a timing clock
Related violations: <none>

TIMING-17#672 Warning
Non-clocked sequential cell  
The clock pin u_CORTEXM0INTEGRATION/u_logic/Tjkpw6_reg/C is not reached by a timing clock
Related violations: <none>

TIMING-17#673 Warning
Non-clocked sequential cell  
The clock pin u_CORTEXM0INTEGRATION/u_logic/Tjvax6_reg/C is not reached by a timing clock
Related violations: <none>

TIMING-17#674 Warning
Non-clocked sequential cell  
The clock pin u_CORTEXM0INTEGRATION/u_logic/Tk0qw6_reg/C is not reached by a timing clock
Related violations: <none>

TIMING-17#675 Warning
Non-clocked sequential cell  
The clock pin u_CORTEXM0INTEGRATION/u_logic/Tkjbx6_reg/C is not reached by a timing clock
Related violations: <none>

TIMING-17#676 Warning
Non-clocked sequential cell  
The clock pin u_CORTEXM0INTEGRATION/u_logic/Tl4bx6_reg/C is not reached by a timing clock
Related violations: <none>

TIMING-17#677 Warning
Non-clocked sequential cell  
The clock pin u_CORTEXM0INTEGRATION/u_logic/Tlebx6_reg/C is not reached by a timing clock
Related violations: <none>

TIMING-17#678 Warning
Non-clocked sequential cell  
The clock pin u_CORTEXM0INTEGRATION/u_logic/Tm0qw6_reg/C is not reached by a timing clock
Related violations: <none>

TIMING-17#679 Warning
Non-clocked sequential cell  
The clock pin u_CORTEXM0INTEGRATION/u_logic/Tmjbx6_reg/C is not reached by a timing clock
Related violations: <none>

TIMING-17#680 Warning
Non-clocked sequential cell  
The clock pin u_CORTEXM0INTEGRATION/u_logic/Tnebx6_reg/C is not reached by a timing clock
Related violations: <none>

TIMING-17#681 Warning
Non-clocked sequential cell  
The clock pin u_CORTEXM0INTEGRATION/u_logic/Tngbx6_reg/C is not reached by a timing clock
Related violations: <none>

TIMING-17#682 Warning
Non-clocked sequential cell  
The clock pin u_CORTEXM0INTEGRATION/u_logic/Tokax6_reg/C is not reached by a timing clock
Related violations: <none>

TIMING-17#683 Warning
Non-clocked sequential cell  
The clock pin u_CORTEXM0INTEGRATION/u_logic/Tpebx6_reg/C is not reached by a timing clock
Related violations: <none>

TIMING-17#684 Warning
Non-clocked sequential cell  
The clock pin u_CORTEXM0INTEGRATION/u_logic/Tptpw6_reg/C is not reached by a timing clock
Related violations: <none>

TIMING-17#685 Warning
Non-clocked sequential cell  
The clock pin u_CORTEXM0INTEGRATION/u_logic/Trebx6_reg/C is not reached by a timing clock
Related violations: <none>

TIMING-17#686 Warning
Non-clocked sequential cell  
The clock pin u_CORTEXM0INTEGRATION/u_logic/Ttebx6_reg/C is not reached by a timing clock
Related violations: <none>

TIMING-17#687 Warning
Non-clocked sequential cell  
The clock pin u_CORTEXM0INTEGRATION/u_logic/Tu0qw6_reg/C is not reached by a timing clock
Related violations: <none>

TIMING-17#688 Warning
Non-clocked sequential cell  
The clock pin u_CORTEXM0INTEGRATION/u_logic/Tujbx6_reg/C is not reached by a timing clock
Related violations: <none>

TIMING-17#689 Warning
Non-clocked sequential cell  
The clock pin u_CORTEXM0INTEGRATION/u_logic/Tvebx6_reg/C is not reached by a timing clock
Related violations: <none>

TIMING-17#690 Warning
Non-clocked sequential cell  
The clock pin u_CORTEXM0INTEGRATION/u_logic/Twzpw6_reg/C is not reached by a timing clock
Related violations: <none>

TIMING-17#691 Warning
Non-clocked sequential cell  
The clock pin u_CORTEXM0INTEGRATION/u_logic/Txebx6_reg/C is not reached by a timing clock
Related violations: <none>

TIMING-17#692 Warning
Non-clocked sequential cell  
The clock pin u_CORTEXM0INTEGRATION/u_logic/Txmax6_reg/C is not reached by a timing clock
Related violations: <none>

TIMING-17#693 Warning
Non-clocked sequential cell  
The clock pin u_CORTEXM0INTEGRATION/u_logic/Tyipw6_reg/C is not reached by a timing clock
Related violations: <none>

TIMING-17#694 Warning
Non-clocked sequential cell  
The clock pin u_CORTEXM0INTEGRATION/u_logic/Tyzpw6_reg/C is not reached by a timing clock
Related violations: <none>

TIMING-17#695 Warning
Non-clocked sequential cell  
The clock pin u_CORTEXM0INTEGRATION/u_logic/Tzebx6_reg/C is not reached by a timing clock
Related violations: <none>

TIMING-17#696 Warning
Non-clocked sequential cell  
The clock pin u_CORTEXM0INTEGRATION/u_logic/U0hax6_reg/C is not reached by a timing clock
Related violations: <none>

TIMING-17#697 Warning
Non-clocked sequential cell  
The clock pin u_CORTEXM0INTEGRATION/u_logic/U0rax6_reg/C is not reached by a timing clock
Related violations: <none>

TIMING-17#698 Warning
Non-clocked sequential cell  
The clock pin u_CORTEXM0INTEGRATION/u_logic/U1kpw6_reg/C is not reached by a timing clock
Related violations: <none>

TIMING-17#699 Warning
Non-clocked sequential cell  
The clock pin u_CORTEXM0INTEGRATION/u_logic/U2rax6_reg/C is not reached by a timing clock
Related violations: <none>

TIMING-17#700 Warning
Non-clocked sequential cell  
The clock pin u_CORTEXM0INTEGRATION/u_logic/U31bx6_reg/C is not reached by a timing clock
Related violations: <none>

TIMING-17#701 Warning
Non-clocked sequential cell  
The clock pin u_CORTEXM0INTEGRATION/u_logic/U3yax6_reg/C is not reached by a timing clock
Related violations: <none>

TIMING-17#702 Warning
Non-clocked sequential cell  
The clock pin u_CORTEXM0INTEGRATION/u_logic/U4rax6_reg/C is not reached by a timing clock
Related violations: <none>

TIMING-17#703 Warning
Non-clocked sequential cell  
The clock pin u_CORTEXM0INTEGRATION/u_logic/U6rax6_reg/C is not reached by a timing clock
Related violations: <none>

TIMING-17#704 Warning
Non-clocked sequential cell  
The clock pin u_CORTEXM0INTEGRATION/u_logic/U8jax6_reg/C is not reached by a timing clock
Related violations: <none>

TIMING-17#705 Warning
Non-clocked sequential cell  
The clock pin u_CORTEXM0INTEGRATION/u_logic/U8rax6_reg/C is not reached by a timing clock
Related violations: <none>

TIMING-17#706 Warning
Non-clocked sequential cell  
The clock pin u_CORTEXM0INTEGRATION/u_logic/U9ypw6_reg/C is not reached by a timing clock
Related violations: <none>

TIMING-17#707 Warning
Non-clocked sequential cell  
The clock pin u_CORTEXM0INTEGRATION/u_logic/Ua9bx6_reg/C is not reached by a timing clock
Related violations: <none>

TIMING-17#708 Warning
Non-clocked sequential cell  
The clock pin u_CORTEXM0INTEGRATION/u_logic/Uarax6_reg/C is not reached by a timing clock
Related violations: <none>

TIMING-17#709 Warning
Non-clocked sequential cell  
The clock pin u_CORTEXM0INTEGRATION/u_logic/Ubypw6_reg/C is not reached by a timing clock
Related violations: <none>

TIMING-17#710 Warning
Non-clocked sequential cell  
The clock pin u_CORTEXM0INTEGRATION/u_logic/Ufopw6_reg/C is not reached by a timing clock
Related violations: <none>

TIMING-17#711 Warning
Non-clocked sequential cell  
The clock pin u_CORTEXM0INTEGRATION/u_logic/Uhvax6_reg/C is not reached by a timing clock
Related violations: <none>

TIMING-17#712 Warning
Non-clocked sequential cell  
The clock pin u_CORTEXM0INTEGRATION/u_logic/Uizax6_reg/C is not reached by a timing clock
Related violations: <none>

TIMING-17#713 Warning
Non-clocked sequential cell  
The clock pin u_CORTEXM0INTEGRATION/u_logic/Uj4bx6_reg/C is not reached by a timing clock
Related violations: <none>

TIMING-17#714 Warning
Non-clocked sequential cell  
The clock pin u_CORTEXM0INTEGRATION/u_logic/Ujspw6_reg/C is not reached by a timing clock
Related violations: <none>

TIMING-17#715 Warning
Non-clocked sequential cell  
The clock pin u_CORTEXM0INTEGRATION/u_logic/Ujxax6_reg/C is not reached by a timing clock
Related violations: <none>

TIMING-17#716 Warning
Non-clocked sequential cell  
The clock pin u_CORTEXM0INTEGRATION/u_logic/Umkax6_reg/C is not reached by a timing clock
Related violations: <none>

TIMING-17#717 Warning
Non-clocked sequential cell  
The clock pin u_CORTEXM0INTEGRATION/u_logic/Untpw6_reg/C is not reached by a timing clock
Related violations: <none>

TIMING-17#718 Warning
Non-clocked sequential cell  
The clock pin u_CORTEXM0INTEGRATION/u_logic/Unyax6_reg/C is not reached by a timing clock
Related violations: <none>

TIMING-17#719 Warning
Non-clocked sequential cell  
The clock pin u_CORTEXM0INTEGRATION/u_logic/Uoipw6_reg/C is not reached by a timing clock
Related violations: <none>

TIMING-17#720 Warning
Non-clocked sequential cell  
The clock pin u_CORTEXM0INTEGRATION/u_logic/Uojbx6_reg/C is not reached by a timing clock
Related violations: <none>

TIMING-17#721 Warning
Non-clocked sequential cell  
The clock pin u_CORTEXM0INTEGRATION/u_logic/Uoqax6_reg/C is not reached by a timing clock
Related violations: <none>

TIMING-17#722 Warning
Non-clocked sequential cell  
The clock pin u_CORTEXM0INTEGRATION/u_logic/Up4bx6_reg/C is not reached by a timing clock
Related violations: <none>

TIMING-17#723 Warning
Non-clocked sequential cell  
The clock pin u_CORTEXM0INTEGRATION/u_logic/Uqipw6_reg/C is not reached by a timing clock
Related violations: <none>

TIMING-17#724 Warning
Non-clocked sequential cell  
The clock pin u_CORTEXM0INTEGRATION/u_logic/Uqqax6_reg/C is not reached by a timing clock
Related violations: <none>

TIMING-17#725 Warning
Non-clocked sequential cell  
The clock pin u_CORTEXM0INTEGRATION/u_logic/Us3bx6_reg/C is not reached by a timing clock
Related violations: <none>

TIMING-17#726 Warning
Non-clocked sequential cell  
The clock pin u_CORTEXM0INTEGRATION/u_logic/Usipw6_reg/C is not reached by a timing clock
Related violations: <none>

TIMING-17#727 Warning
Non-clocked sequential cell  
The clock pin u_CORTEXM0INTEGRATION/u_logic/Usjbx6_reg/C is not reached by a timing clock
Related violations: <none>

TIMING-17#728 Warning
Non-clocked sequential cell  
The clock pin u_CORTEXM0INTEGRATION/u_logic/Usnpw6_reg/C is not reached by a timing clock
Related violations: <none>

TIMING-17#729 Warning
Non-clocked sequential cell  
The clock pin u_CORTEXM0INTEGRATION/u_logic/Usqax6_reg/C is not reached by a timing clock
Related violations: <none>

TIMING-17#730 Warning
Non-clocked sequential cell  
The clock pin u_CORTEXM0INTEGRATION/u_logic/Uuqax6_reg/C is not reached by a timing clock
Related violations: <none>

TIMING-17#731 Warning
Non-clocked sequential cell  
The clock pin u_CORTEXM0INTEGRATION/u_logic/Uuzpw6_reg/C is not reached by a timing clock
Related violations: <none>

TIMING-17#732 Warning
Non-clocked sequential cell  
The clock pin u_CORTEXM0INTEGRATION/u_logic/Uvmax6_reg/C is not reached by a timing clock
Related violations: <none>

TIMING-17#733 Warning
Non-clocked sequential cell  
The clock pin u_CORTEXM0INTEGRATION/u_logic/Uwipw6_reg/C is not reached by a timing clock
Related violations: <none>

TIMING-17#734 Warning
Non-clocked sequential cell  
The clock pin u_CORTEXM0INTEGRATION/u_logic/Uwqax6_reg/C is not reached by a timing clock
Related violations: <none>

TIMING-17#735 Warning
Non-clocked sequential cell  
The clock pin u_CORTEXM0INTEGRATION/u_logic/Uyqax6_reg/C is not reached by a timing clock
Related violations: <none>

TIMING-17#736 Warning
Non-clocked sequential cell  
The clock pin u_CORTEXM0INTEGRATION/u_logic/V0jpw6_reg/C is not reached by a timing clock
Related violations: <none>

TIMING-17#737 Warning
Non-clocked sequential cell  
The clock pin u_CORTEXM0INTEGRATION/u_logic/V1vax6_reg/C is not reached by a timing clock
Related violations: <none>

TIMING-17#738 Warning
Non-clocked sequential cell  
The clock pin u_CORTEXM0INTEGRATION/u_logic/V1yax6_reg/C is not reached by a timing clock
Related violations: <none>

TIMING-17#739 Warning
Non-clocked sequential cell  
The clock pin u_CORTEXM0INTEGRATION/u_logic/V3vax6_reg/C is not reached by a timing clock
Related violations: <none>

TIMING-17#740 Warning
Non-clocked sequential cell  
The clock pin u_CORTEXM0INTEGRATION/u_logic/V52bx6_reg/C is not reached by a timing clock
Related violations: <none>

TIMING-17#741 Warning
Non-clocked sequential cell  
The clock pin u_CORTEXM0INTEGRATION/u_logic/V5abx6_reg/C is not reached by a timing clock
Related violations: <none>

TIMING-17#742 Warning
Non-clocked sequential cell  
The clock pin u_CORTEXM0INTEGRATION/u_logic/V5vax6_reg/C is not reached by a timing clock
Related violations: <none>

TIMING-17#743 Warning
Non-clocked sequential cell  
The clock pin u_CORTEXM0INTEGRATION/u_logic/V6jax6_reg/C is not reached by a timing clock
Related violations: <none>

TIMING-17#744 Warning
Non-clocked sequential cell  
The clock pin u_CORTEXM0INTEGRATION/u_logic/V73bx6_reg/C is not reached by a timing clock
Related violations: <none>

TIMING-17#745 Warning
Non-clocked sequential cell  
The clock pin u_CORTEXM0INTEGRATION/u_logic/V7vax6_reg/C is not reached by a timing clock
Related violations: <none>

TIMING-17#746 Warning
Non-clocked sequential cell  
The clock pin u_CORTEXM0INTEGRATION/u_logic/V9vax6_reg/C is not reached by a timing clock
Related violations: <none>

TIMING-17#747 Warning
Non-clocked sequential cell  
The clock pin u_CORTEXM0INTEGRATION/u_logic/Vbkpw6_reg/C is not reached by a timing clock
Related violations: <none>

TIMING-17#748 Warning
Non-clocked sequential cell  
The clock pin u_CORTEXM0INTEGRATION/u_logic/Vbspw6_reg/C is not reached by a timing clock
Related violations: <none>

TIMING-17#749 Warning
Non-clocked sequential cell  
The clock pin u_CORTEXM0INTEGRATION/u_logic/Vbvax6_reg/C is not reached by a timing clock
Related violations: <none>

TIMING-17#750 Warning
Non-clocked sequential cell  
The clock pin u_CORTEXM0INTEGRATION/u_logic/Vdvax6_reg/C is not reached by a timing clock
Related violations: <none>

TIMING-17#751 Warning
Non-clocked sequential cell  
The clock pin u_CORTEXM0INTEGRATION/u_logic/Veqax6_reg/C is not reached by a timing clock
Related violations: <none>

TIMING-17#752 Warning
Non-clocked sequential cell  
The clock pin u_CORTEXM0INTEGRATION/u_logic/Vfvax6_reg/C is not reached by a timing clock
Related violations: <none>

TIMING-17#753 Warning
Non-clocked sequential cell  
The clock pin u_CORTEXM0INTEGRATION/u_logic/Vgjpw6_reg/C is not reached by a timing clock
Related violations: <none>

TIMING-17#754 Warning
Non-clocked sequential cell  
The clock pin u_CORTEXM0INTEGRATION/u_logic/Vgqax6_reg/C is not reached by a timing clock
Related violations: <none>

TIMING-17#755 Warning
Non-clocked sequential cell  
The clock pin u_CORTEXM0INTEGRATION/u_logic/Vhspw6_reg/C is not reached by a timing clock
Related violations: <none>

TIMING-17#756 Warning
Non-clocked sequential cell  
The clock pin u_CORTEXM0INTEGRATION/u_logic/Viqax6_reg/C is not reached by a timing clock
Related violations: <none>

TIMING-17#757 Warning
Non-clocked sequential cell  
The clock pin u_CORTEXM0INTEGRATION/u_logic/Vkqax6_reg/C is not reached by a timing clock
Related violations: <none>

TIMING-17#758 Warning
Non-clocked sequential cell  
The clock pin u_CORTEXM0INTEGRATION/u_logic/Vkzax6_reg/C is not reached by a timing clock
Related violations: <none>

TIMING-17#759 Warning
Non-clocked sequential cell  
The clock pin u_CORTEXM0INTEGRATION/u_logic/Vlkpw6_reg/C is not reached by a timing clock
Related violations: <none>

TIMING-17#760 Warning
Non-clocked sequential cell  
The clock pin u_CORTEXM0INTEGRATION/u_logic/Vltpw6_reg/C is not reached by a timing clock
Related violations: <none>

TIMING-17#761 Warning
Non-clocked sequential cell  
The clock pin u_CORTEXM0INTEGRATION/u_logic/Vlxax6_reg/C is not reached by a timing clock
Related violations: <none>

TIMING-17#762 Warning
Non-clocked sequential cell  
The clock pin u_CORTEXM0INTEGRATION/u_logic/Vmipw6_reg/C is not reached by a timing clock
Related violations: <none>

TIMING-17#763 Warning
Non-clocked sequential cell  
The clock pin u_CORTEXM0INTEGRATION/u_logic/Vmqax6_reg/C is not reached by a timing clock
Related violations: <none>

TIMING-17#764 Warning
Non-clocked sequential cell  
The clock pin u_CORTEXM0INTEGRATION/u_logic/Vnkpw6_reg/C is not reached by a timing clock
Related violations: <none>

TIMING-17#765 Warning
Non-clocked sequential cell  
The clock pin u_CORTEXM0INTEGRATION/u_logic/Vpgbx6_reg/C is not reached by a timing clock
Related violations: <none>

TIMING-17#766 Warning
Non-clocked sequential cell  
The clock pin u_CORTEXM0INTEGRATION/u_logic/Vqjbx6_reg/C is not reached by a timing clock
Related violations: <none>

TIMING-17#767 Warning
Non-clocked sequential cell  
The clock pin u_CORTEXM0INTEGRATION/u_logic/Vrtpw6_reg/C is not reached by a timing clock
Related violations: <none>

TIMING-17#768 Warning
Non-clocked sequential cell  
The clock pin u_CORTEXM0INTEGRATION/u_logic/Vszpw6_reg/C is not reached by a timing clock
Related violations: <none>

TIMING-17#769 Warning
Non-clocked sequential cell  
The clock pin u_CORTEXM0INTEGRATION/u_logic/Vtmax6_reg/C is not reached by a timing clock
Related violations: <none>

TIMING-17#770 Warning
Non-clocked sequential cell  
The clock pin u_CORTEXM0INTEGRATION/u_logic/Vtuax6_reg/C is not reached by a timing clock
Related violations: <none>

TIMING-17#771 Warning
Non-clocked sequential cell  
The clock pin u_CORTEXM0INTEGRATION/u_logic/Vuhax6_reg/C is not reached by a timing clock
Related violations: <none>

TIMING-17#772 Warning
Non-clocked sequential cell  
The clock pin u_CORTEXM0INTEGRATION/u_logic/Vuipw6_reg/C is not reached by a timing clock
Related violations: <none>

TIMING-17#773 Warning
Non-clocked sequential cell  
The clock pin u_CORTEXM0INTEGRATION/u_logic/Vvuax6_reg/C is not reached by a timing clock
Related violations: <none>

TIMING-17#774 Warning
Non-clocked sequential cell  
The clock pin u_CORTEXM0INTEGRATION/u_logic/Vvxax6_reg/C is not reached by a timing clock
Related violations: <none>

TIMING-17#775 Warning
Non-clocked sequential cell  
The clock pin u_CORTEXM0INTEGRATION/u_logic/Vxuax6_reg/C is not reached by a timing clock
Related violations: <none>

TIMING-17#776 Warning
Non-clocked sequential cell  
The clock pin u_CORTEXM0INTEGRATION/u_logic/Vxxax6_reg/C is not reached by a timing clock
Related violations: <none>

TIMING-17#777 Warning
Non-clocked sequential cell  
The clock pin u_CORTEXM0INTEGRATION/u_logic/Vygax6_reg/C is not reached by a timing clock
Related violations: <none>

TIMING-17#778 Warning
Non-clocked sequential cell  
The clock pin u_CORTEXM0INTEGRATION/u_logic/Vzjpw6_reg/C is not reached by a timing clock
Related violations: <none>

TIMING-17#779 Warning
Non-clocked sequential cell  
The clock pin u_CORTEXM0INTEGRATION/u_logic/Vzuax6_reg/C is not reached by a timing clock
Related violations: <none>

TIMING-17#780 Warning
Non-clocked sequential cell  
The clock pin u_CORTEXM0INTEGRATION/u_logic/Vzupw6_reg/C is not reached by a timing clock
Related violations: <none>

TIMING-17#781 Warning
Non-clocked sequential cell  
The clock pin u_CORTEXM0INTEGRATION/u_logic/Vzxax6_reg/C is not reached by a timing clock
Related violations: <none>

TIMING-17#782 Warning
Non-clocked sequential cell  
The clock pin u_CORTEXM0INTEGRATION/u_logic/W0jax6_reg/C is not reached by a timing clock
Related violations: <none>

TIMING-17#783 Warning
Non-clocked sequential cell  
The clock pin u_CORTEXM0INTEGRATION/u_logic/W2jax6_reg/C is not reached by a timing clock
Related violations: <none>

TIMING-17#784 Warning
Non-clocked sequential cell  
The clock pin u_CORTEXM0INTEGRATION/u_logic/W4jax6_reg/C is not reached by a timing clock
Related violations: <none>

TIMING-17#785 Warning
Non-clocked sequential cell  
The clock pin u_CORTEXM0INTEGRATION/u_logic/W5max6_reg/C is not reached by a timing clock
Related violations: <none>

TIMING-17#786 Warning
Non-clocked sequential cell  
The clock pin u_CORTEXM0INTEGRATION/u_logic/W5ypw6_reg/C is not reached by a timing clock
Related violations: <none>

TIMING-17#787 Warning
Non-clocked sequential cell  
The clock pin u_CORTEXM0INTEGRATION/u_logic/W7max6_reg/C is not reached by a timing clock
Related violations: <none>

TIMING-17#788 Warning
Non-clocked sequential cell  
The clock pin u_CORTEXM0INTEGRATION/u_logic/W8hbx6_reg/C is not reached by a timing clock
Related violations: <none>

TIMING-17#789 Warning
Non-clocked sequential cell  
The clock pin u_CORTEXM0INTEGRATION/u_logic/W9max6_reg/C is not reached by a timing clock
Related violations: <none>

TIMING-17#790 Warning
Non-clocked sequential cell  
The clock pin u_CORTEXM0INTEGRATION/u_logic/W9spw6_reg/C is not reached by a timing clock
Related violations: <none>

TIMING-17#791 Warning
Non-clocked sequential cell  
The clock pin u_CORTEXM0INTEGRATION/u_logic/Wbmax6_reg/C is not reached by a timing clock
Related violations: <none>

TIMING-17#792 Warning
Non-clocked sequential cell  
The clock pin u_CORTEXM0INTEGRATION/u_logic/Wcqax6_reg/C is not reached by a timing clock
Related violations: <none>

TIMING-17#793 Warning
Non-clocked sequential cell  
The clock pin u_CORTEXM0INTEGRATION/u_logic/Wdmax6_reg/C is not reached by a timing clock
Related violations: <none>

TIMING-17#794 Warning
Non-clocked sequential cell  
The clock pin u_CORTEXM0INTEGRATION/u_logic/Weipw6_reg/C is not reached by a timing clock
Related violations: <none>

TIMING-17#795 Warning
Non-clocked sequential cell  
The clock pin u_CORTEXM0INTEGRATION/u_logic/Wfhax6_reg/C is not reached by a timing clock
Related violations: <none>

TIMING-17#796 Warning
Non-clocked sequential cell  
The clock pin u_CORTEXM0INTEGRATION/u_logic/Wfmax6_reg/C is not reached by a timing clock
Related violations: <none>

TIMING-17#797 Warning
Non-clocked sequential cell  
The clock pin u_CORTEXM0INTEGRATION/u_logic/Wfspw6_reg/C is not reached by a timing clock
Related violations: <none>

TIMING-17#798 Warning
Non-clocked sequential cell  
The clock pin u_CORTEXM0INTEGRATION/u_logic/Wgipw6_reg/C is not reached by a timing clock
Related violations: <none>

TIMING-17#799 Warning
Non-clocked sequential cell  
The clock pin u_CORTEXM0INTEGRATION/u_logic/Whmax6_reg/C is not reached by a timing clock
Related violations: <none>

TIMING-17#800 Warning
Non-clocked sequential cell  
The clock pin u_CORTEXM0INTEGRATION/u_logic/Wjmax6_reg/C is not reached by a timing clock
Related violations: <none>

TIMING-17#801 Warning
Non-clocked sequential cell  
The clock pin u_CORTEXM0INTEGRATION/u_logic/Wjtpw6_reg/C is not reached by a timing clock
Related violations: <none>

TIMING-17#802 Warning
Non-clocked sequential cell  
The clock pin u_CORTEXM0INTEGRATION/u_logic/Wjuax6_reg/C is not reached by a timing clock
Related violations: <none>

TIMING-17#803 Warning
Non-clocked sequential cell  
The clock pin u_CORTEXM0INTEGRATION/u_logic/Wkipw6_reg/C is not reached by a timing clock
Related violations: <none>

TIMING-17#804 Warning
Non-clocked sequential cell  
The clock pin u_CORTEXM0INTEGRATION/u_logic/Wlmax6_reg/C is not reached by a timing clock
Related violations: <none>

TIMING-17#805 Warning
Non-clocked sequential cell  
The clock pin u_CORTEXM0INTEGRATION/u_logic/Wlspw6_reg/C is not reached by a timing clock
Related violations: <none>

TIMING-17#806 Warning
Non-clocked sequential cell  
The clock pin u_CORTEXM0INTEGRATION/u_logic/Wluax6_reg/C is not reached by a timing clock
Related violations: <none>

TIMING-17#807 Warning
Non-clocked sequential cell  
The clock pin u_CORTEXM0INTEGRATION/u_logic/Wmzax6_reg/C is not reached by a timing clock
Related violations: <none>

TIMING-17#808 Warning
Non-clocked sequential cell  
The clock pin u_CORTEXM0INTEGRATION/u_logic/Wnmax6_reg/C is not reached by a timing clock
Related violations: <none>

TIMING-17#809 Warning
Non-clocked sequential cell  
The clock pin u_CORTEXM0INTEGRATION/u_logic/Wnuax6_reg/C is not reached by a timing clock
Related violations: <none>

TIMING-17#810 Warning
Non-clocked sequential cell  
The clock pin u_CORTEXM0INTEGRATION/u_logic/Wnxax6_reg/C is not reached by a timing clock
Related violations: <none>

TIMING-17#811 Warning
Non-clocked sequential cell  
The clock pin u_CORTEXM0INTEGRATION/u_logic/Wpmax6_reg/C is not reached by a timing clock
Related violations: <none>

TIMING-17#812 Warning
Non-clocked sequential cell  
The clock pin u_CORTEXM0INTEGRATION/u_logic/Wpuax6_reg/C is not reached by a timing clock
Related violations: <none>

TIMING-17#813 Warning
Non-clocked sequential cell  
The clock pin u_CORTEXM0INTEGRATION/u_logic/Wpyax6_reg/C is not reached by a timing clock
Related violations: <none>

TIMING-17#814 Warning
Non-clocked sequential cell  
The clock pin u_CORTEXM0INTEGRATION/u_logic/Wqzpw6_reg/C is not reached by a timing clock
Related violations: <none>

TIMING-17#815 Warning
Non-clocked sequential cell  
The clock pin u_CORTEXM0INTEGRATION/u_logic/Wr4bx6_reg/C is not reached by a timing clock
Related violations: <none>

TIMING-17#816 Warning
Non-clocked sequential cell  
The clock pin u_CORTEXM0INTEGRATION/u_logic/Wrmax6_reg/C is not reached by a timing clock
Related violations: <none>

TIMING-17#817 Warning
Non-clocked sequential cell  
The clock pin u_CORTEXM0INTEGRATION/u_logic/Wruax6_reg/C is not reached by a timing clock
Related violations: <none>

TIMING-17#818 Warning
Non-clocked sequential cell  
The clock pin u_CORTEXM0INTEGRATION/u_logic/Wtxax6_reg/C is not reached by a timing clock
Related violations: <none>

TIMING-17#819 Warning
Non-clocked sequential cell  
The clock pin u_CORTEXM0INTEGRATION/u_logic/Wu3bx6_reg/C is not reached by a timing clock
Related violations: <none>

TIMING-17#820 Warning
Non-clocked sequential cell  
The clock pin u_CORTEXM0INTEGRATION/u_logic/Wwiax6_reg/C is not reached by a timing clock
Related violations: <none>

TIMING-17#821 Warning
Non-clocked sequential cell  
The clock pin u_CORTEXM0INTEGRATION/u_logic/Wxjpw6_reg/C is not reached by a timing clock
Related violations: <none>

TIMING-17#822 Warning
Non-clocked sequential cell  
The clock pin u_CORTEXM0INTEGRATION/u_logic/Wyiax6_reg/C is not reached by a timing clock
Related violations: <none>

TIMING-17#823 Warning
Non-clocked sequential cell  
The clock pin u_CORTEXM0INTEGRATION/u_logic/X1max6_reg/C is not reached by a timing clock
Related violations: <none>

TIMING-17#824 Warning
Non-clocked sequential cell  
The clock pin u_CORTEXM0INTEGRATION/u_logic/X1upw6_reg/C is not reached by a timing clock
Related violations: <none>

TIMING-17#825 Warning
Non-clocked sequential cell  
The clock pin u_CORTEXM0INTEGRATION/u_logic/X2jpw6_reg/C is not reached by a timing clock
Related violations: <none>

TIMING-17#826 Warning
Non-clocked sequential cell  
The clock pin u_CORTEXM0INTEGRATION/u_logic/X3max6_reg/C is not reached by a timing clock
Related violations: <none>

TIMING-17#827 Warning
Non-clocked sequential cell  
The clock pin u_CORTEXM0INTEGRATION/u_logic/X3upw6_reg/C is not reached by a timing clock
Related violations: <none>

TIMING-17#828 Warning
Non-clocked sequential cell  
The clock pin u_CORTEXM0INTEGRATION/u_logic/X4jpw6_reg/C is not reached by a timing clock
Related violations: <none>

TIMING-17#829 Warning
Non-clocked sequential cell  
The clock pin u_CORTEXM0INTEGRATION/u_logic/X5ibx6_reg/C is not reached by a timing clock
Related violations: <none>

TIMING-17#830 Warning
Non-clocked sequential cell  
The clock pin u_CORTEXM0INTEGRATION/u_logic/X5opw6_reg/C is not reached by a timing clock
Related violations: <none>

TIMING-17#831 Warning
Non-clocked sequential cell  
The clock pin u_CORTEXM0INTEGRATION/u_logic/X5upw6_reg/C is not reached by a timing clock
Related violations: <none>

TIMING-17#832 Warning
Non-clocked sequential cell  
The clock pin u_CORTEXM0INTEGRATION/u_logic/X6jpw6_reg/C is not reached by a timing clock
Related violations: <none>

TIMING-17#833 Warning
Non-clocked sequential cell  
The clock pin u_CORTEXM0INTEGRATION/u_logic/X7abx6_reg/C is not reached by a timing clock
Related violations: <none>

TIMING-17#834 Warning
Non-clocked sequential cell  
The clock pin u_CORTEXM0INTEGRATION/u_logic/X7spw6_reg/C is not reached by a timing clock
Related violations: <none>

TIMING-17#835 Warning
Non-clocked sequential cell  
The clock pin u_CORTEXM0INTEGRATION/u_logic/X7ypw6_reg/C is not reached by a timing clock
Related violations: <none>

TIMING-17#836 Warning
Non-clocked sequential cell  
The clock pin u_CORTEXM0INTEGRATION/u_logic/Xaqax6_reg/C is not reached by a timing clock
Related violations: <none>

TIMING-17#837 Warning
Non-clocked sequential cell  
The clock pin u_CORTEXM0INTEGRATION/u_logic/Xdspw6_reg/C is not reached by a timing clock
Related violations: <none>

TIMING-17#838 Warning
Non-clocked sequential cell  
The clock pin u_CORTEXM0INTEGRATION/u_logic/Xfiax6_reg/C is not reached by a timing clock
Related violations: <none>

TIMING-17#839 Warning
Non-clocked sequential cell  
The clock pin u_CORTEXM0INTEGRATION/u_logic/Xhtpw6_reg/C is not reached by a timing clock
Related violations: <none>

TIMING-17#840 Warning
Non-clocked sequential cell  
The clock pin u_CORTEXM0INTEGRATION/u_logic/Xhuax6_reg/C is not reached by a timing clock
Related violations: <none>

TIMING-17#841 Warning
Non-clocked sequential cell  
The clock pin u_CORTEXM0INTEGRATION/u_logic/Xiipw6_reg/C is not reached by a timing clock
Related violations: <none>

TIMING-17#842 Warning
Non-clocked sequential cell  
The clock pin u_CORTEXM0INTEGRATION/u_logic/Xo1bx6_reg/C is not reached by a timing clock
Related violations: <none>

TIMING-17#843 Warning
Non-clocked sequential cell  
The clock pin u_CORTEXM0INTEGRATION/u_logic/Xozax6_reg/C is not reached by a timing clock
Related violations: <none>

TIMING-17#844 Warning
Non-clocked sequential cell  
The clock pin u_CORTEXM0INTEGRATION/u_logic/Xozpw6_reg/C is not reached by a timing clock
Related violations: <none>

TIMING-17#845 Warning
Non-clocked sequential cell  
The clock pin u_CORTEXM0INTEGRATION/u_logic/Xpxax6_reg/C is not reached by a timing clock
Related violations: <none>

TIMING-17#846 Warning
Non-clocked sequential cell  
The clock pin u_CORTEXM0INTEGRATION/u_logic/Xq2bx6_reg/C is not reached by a timing clock
Related violations: <none>

TIMING-17#847 Warning
Non-clocked sequential cell  
The clock pin u_CORTEXM0INTEGRATION/u_logic/Xrxax6_reg/C is not reached by a timing clock
Related violations: <none>

TIMING-17#848 Warning
Non-clocked sequential cell  
The clock pin u_CORTEXM0INTEGRATION/u_logic/Xttpw6_reg/C is not reached by a timing clock
Related violations: <none>

TIMING-17#849 Warning
Non-clocked sequential cell  
The clock pin u_CORTEXM0INTEGRATION/u_logic/Xuiax6_reg/C is not reached by a timing clock
Related violations: <none>

TIMING-17#850 Warning
Non-clocked sequential cell  
The clock pin u_CORTEXM0INTEGRATION/u_logic/Xvlax6_reg/C is not reached by a timing clock
Related violations: <none>

TIMING-17#851 Warning
Non-clocked sequential cell  
The clock pin u_CORTEXM0INTEGRATION/u_logic/Xvtpw6_reg/C is not reached by a timing clock
Related violations: <none>

TIMING-17#852 Warning
Non-clocked sequential cell  
The clock pin u_CORTEXM0INTEGRATION/u_logic/Xxlax6_reg/C is not reached by a timing clock
Related violations: <none>

TIMING-17#853 Warning
Non-clocked sequential cell  
The clock pin u_CORTEXM0INTEGRATION/u_logic/Xxtpw6_reg/C is not reached by a timing clock
Related violations: <none>

TIMING-17#854 Warning
Non-clocked sequential cell  
The clock pin u_CORTEXM0INTEGRATION/u_logic/Xxupw6_reg/C is not reached by a timing clock
Related violations: <none>

TIMING-17#855 Warning
Non-clocked sequential cell  
The clock pin u_CORTEXM0INTEGRATION/u_logic/Xzlax6_reg/C is not reached by a timing clock
Related violations: <none>

TIMING-17#856 Warning
Non-clocked sequential cell  
The clock pin u_CORTEXM0INTEGRATION/u_logic/Xztpw6_reg/C is not reached by a timing clock
Related violations: <none>

TIMING-17#857 Warning
Non-clocked sequential cell  
The clock pin u_CORTEXM0INTEGRATION/u_logic/Y0gbx6_reg/C is not reached by a timing clock
Related violations: <none>

TIMING-17#858 Warning
Non-clocked sequential cell  
The clock pin u_CORTEXM0INTEGRATION/u_logic/Y5spw6_reg/C is not reached by a timing clock
Related violations: <none>

TIMING-17#859 Warning
Non-clocked sequential cell  
The clock pin u_CORTEXM0INTEGRATION/u_logic/Y7opw6_reg/C is not reached by a timing clock
Related violations: <none>

TIMING-17#860 Warning
Non-clocked sequential cell  
The clock pin u_CORTEXM0INTEGRATION/u_logic/Y7upw6_reg/C is not reached by a timing clock
Related violations: <none>

TIMING-17#861 Warning
Non-clocked sequential cell  
The clock pin u_CORTEXM0INTEGRATION/u_logic/Y8qax6_reg/C is not reached by a timing clock
Related violations: <none>

TIMING-17#862 Warning
Non-clocked sequential cell  
The clock pin u_CORTEXM0INTEGRATION/u_logic/Y9upw6_reg/C is not reached by a timing clock
Related violations: <none>

TIMING-17#863 Warning
Non-clocked sequential cell  
The clock pin u_CORTEXM0INTEGRATION/u_logic/Ybupw6_reg/C is not reached by a timing clock
Related violations: <none>

TIMING-17#864 Warning
Non-clocked sequential cell  
The clock pin u_CORTEXM0INTEGRATION/u_logic/Ydopw6_reg/C is not reached by a timing clock
Related violations: <none>

TIMING-17#865 Warning
Non-clocked sequential cell  
The clock pin u_CORTEXM0INTEGRATION/u_logic/Ydopw6_reg_rep/C is not reached by a timing clock
Related violations: <none>

TIMING-17#866 Warning
Non-clocked sequential cell  
The clock pin u_CORTEXM0INTEGRATION/u_logic/Ydupw6_reg/C is not reached by a timing clock
Related violations: <none>

TIMING-17#867 Warning
Non-clocked sequential cell  
The clock pin u_CORTEXM0INTEGRATION/u_logic/Yftpw6_reg/C is not reached by a timing clock
Related violations: <none>

TIMING-17#868 Warning
Non-clocked sequential cell  
The clock pin u_CORTEXM0INTEGRATION/u_logic/Yfuax6_reg/C is not reached by a timing clock
Related violations: <none>

TIMING-17#869 Warning
Non-clocked sequential cell  
The clock pin u_CORTEXM0INTEGRATION/u_logic/Yfupw6_reg/C is not reached by a timing clock
Related violations: <none>

TIMING-17#870 Warning
Non-clocked sequential cell  
The clock pin u_CORTEXM0INTEGRATION/u_logic/Yhupw6_reg/C is not reached by a timing clock
Related violations: <none>

TIMING-17#871 Warning
Non-clocked sequential cell  
The clock pin u_CORTEXM0INTEGRATION/u_logic/Yizpw6_reg/C is not reached by a timing clock
Related violations: <none>

TIMING-17#872 Warning
Non-clocked sequential cell  
The clock pin u_CORTEXM0INTEGRATION/u_logic/Yjupw6_reg/C is not reached by a timing clock
Related violations: <none>

TIMING-17#873 Warning
Non-clocked sequential cell  
The clock pin u_CORTEXM0INTEGRATION/u_logic/Ykzpw6_reg/C is not reached by a timing clock
Related violations: <none>

TIMING-17#874 Warning
Non-clocked sequential cell  
The clock pin u_CORTEXM0INTEGRATION/u_logic/Ymzpw6_reg/C is not reached by a timing clock
Related violations: <none>

TIMING-17#875 Warning
Non-clocked sequential cell  
The clock pin u_CORTEXM0INTEGRATION/u_logic/Ynspw6_reg/C is not reached by a timing clock
Related violations: <none>

TIMING-17#876 Warning
Non-clocked sequential cell  
The clock pin u_CORTEXM0INTEGRATION/u_logic/Ypspw6_reg/C is not reached by a timing clock
Related violations: <none>

TIMING-17#877 Warning
Non-clocked sequential cell  
The clock pin u_CORTEXM0INTEGRATION/u_logic/Yqzax6_reg/C is not reached by a timing clock
Related violations: <none>

TIMING-17#878 Warning
Non-clocked sequential cell  
The clock pin u_CORTEXM0INTEGRATION/u_logic/Yrspw6_reg/C is not reached by a timing clock
Related violations: <none>

TIMING-17#879 Warning
Non-clocked sequential cell  
The clock pin u_CORTEXM0INTEGRATION/u_logic/Yryax6_reg/C is not reached by a timing clock
Related violations: <none>

TIMING-17#880 Warning
Non-clocked sequential cell  
The clock pin u_CORTEXM0INTEGRATION/u_logic/Ysiax6_reg/C is not reached by a timing clock
Related violations: <none>

TIMING-17#881 Warning
Non-clocked sequential cell  
The clock pin u_CORTEXM0INTEGRATION/u_logic/Yt4bx6_reg/C is not reached by a timing clock
Related violations: <none>

TIMING-17#882 Warning
Non-clocked sequential cell  
The clock pin u_CORTEXM0INTEGRATION/u_logic/Yt8bx6_reg/C is not reached by a timing clock
Related violations: <none>

TIMING-17#883 Warning
Non-clocked sequential cell  
The clock pin u_CORTEXM0INTEGRATION/u_logic/Ytlax6_reg/C is not reached by a timing clock
Related violations: <none>

TIMING-17#884 Warning
Non-clocked sequential cell  
The clock pin u_CORTEXM0INTEGRATION/u_logic/Ytspw6_reg/C is not reached by a timing clock
Related violations: <none>

TIMING-17#885 Warning
Non-clocked sequential cell  
The clock pin u_CORTEXM0INTEGRATION/u_logic/Yvjpw6_reg/C is not reached by a timing clock
Related violations: <none>

TIMING-17#886 Warning
Non-clocked sequential cell  
The clock pin u_CORTEXM0INTEGRATION/u_logic/Yvspw6_reg/C is not reached by a timing clock
Related violations: <none>

TIMING-17#887 Warning
Non-clocked sequential cell  
The clock pin u_CORTEXM0INTEGRATION/u_logic/Yw3bx6_reg/C is not reached by a timing clock
Related violations: <none>

TIMING-17#888 Warning
Non-clocked sequential cell  
The clock pin u_CORTEXM0INTEGRATION/u_logic/Yxrpw6_reg/C is not reached by a timing clock
Related violations: <none>

TIMING-17#889 Warning
Non-clocked sequential cell  
The clock pin u_CORTEXM0INTEGRATION/u_logic/Yxspw6_reg/C is not reached by a timing clock
Related violations: <none>

TIMING-17#890 Warning
Non-clocked sequential cell  
The clock pin u_CORTEXM0INTEGRATION/u_logic/Yzspw6_reg/C is not reached by a timing clock
Related violations: <none>

TIMING-17#891 Warning
Non-clocked sequential cell  
The clock pin u_CORTEXM0INTEGRATION/u_logic/Z18bx6_reg/C is not reached by a timing clock
Related violations: <none>

TIMING-17#892 Warning
Non-clocked sequential cell  
The clock pin u_CORTEXM0INTEGRATION/u_logic/Z1tpw6_reg/C is not reached by a timing clock
Related violations: <none>

TIMING-17#893 Warning
Non-clocked sequential cell  
The clock pin u_CORTEXM0INTEGRATION/u_logic/Z38bx6_reg/C is not reached by a timing clock
Related violations: <none>

TIMING-17#894 Warning
Non-clocked sequential cell  
The clock pin u_CORTEXM0INTEGRATION/u_logic/Z3spw6_reg/C is not reached by a timing clock
Related violations: <none>

TIMING-17#895 Warning
Non-clocked sequential cell  
The clock pin u_CORTEXM0INTEGRATION/u_logic/Z3tpw6_reg/C is not reached by a timing clock
Related violations: <none>

TIMING-17#896 Warning
Non-clocked sequential cell  
The clock pin u_CORTEXM0INTEGRATION/u_logic/Z47ax6_reg/C is not reached by a timing clock
Related violations: <none>

TIMING-17#897 Warning
Non-clocked sequential cell  
The clock pin u_CORTEXM0INTEGRATION/u_logic/Z58bx6_reg/C is not reached by a timing clock
Related violations: <none>

TIMING-17#898 Warning
Non-clocked sequential cell  
The clock pin u_CORTEXM0INTEGRATION/u_logic/Z5tpw6_reg/C is not reached by a timing clock
Related violations: <none>

TIMING-17#899 Warning
Non-clocked sequential cell  
The clock pin u_CORTEXM0INTEGRATION/u_logic/Z6qax6_reg/C is not reached by a timing clock
Related violations: <none>

TIMING-17#900 Warning
Non-clocked sequential cell  
The clock pin u_CORTEXM0INTEGRATION/u_logic/Z71bx6_reg/C is not reached by a timing clock
Related violations: <none>

TIMING-17#901 Warning
Non-clocked sequential cell  
The clock pin u_CORTEXM0INTEGRATION/u_logic/Z78bx6_reg/C is not reached by a timing clock
Related violations: <none>

TIMING-17#902 Warning
Non-clocked sequential cell  
The clock pin u_CORTEXM0INTEGRATION/u_logic/Z7tpw6_reg/C is not reached by a timing clock
Related violations: <none>

TIMING-17#903 Warning
Non-clocked sequential cell  
The clock pin u_CORTEXM0INTEGRATION/u_logic/Z8jpw6_reg/C is not reached by a timing clock
Related violations: <none>

TIMING-17#904 Warning
Non-clocked sequential cell  
The clock pin u_CORTEXM0INTEGRATION/u_logic/Z8zpw6_reg/C is not reached by a timing clock
Related violations: <none>

TIMING-17#905 Warning
Non-clocked sequential cell  
The clock pin u_CORTEXM0INTEGRATION/u_logic/Z98bx6_reg/C is not reached by a timing clock
Related violations: <none>

TIMING-17#906 Warning
Non-clocked sequential cell  
The clock pin u_CORTEXM0INTEGRATION/u_logic/Z9abx6_reg/C is not reached by a timing clock
Related violations: <none>

TIMING-17#907 Warning
Non-clocked sequential cell  
The clock pin u_CORTEXM0INTEGRATION/u_logic/Z9opw6_reg/C is not reached by a timing clock
Related violations: <none>

TIMING-17#908 Warning
Non-clocked sequential cell  
The clock pin u_CORTEXM0INTEGRATION/u_logic/Z9tpw6_reg/C is not reached by a timing clock
Related violations: <none>

TIMING-17#909 Warning
Non-clocked sequential cell  
The clock pin u_CORTEXM0INTEGRATION/u_logic/Zazpw6_reg/C is not reached by a timing clock
Related violations: <none>

TIMING-17#910 Warning
Non-clocked sequential cell  
The clock pin u_CORTEXM0INTEGRATION/u_logic/Zb8bx6_reg/C is not reached by a timing clock
Related violations: <none>

TIMING-17#911 Warning
Non-clocked sequential cell  
The clock pin u_CORTEXM0INTEGRATION/u_logic/Zbtpw6_reg/C is not reached by a timing clock
Related violations: <none>

TIMING-17#912 Warning
Non-clocked sequential cell  
The clock pin u_CORTEXM0INTEGRATION/u_logic/Zczpw6_reg/C is not reached by a timing clock
Related violations: <none>

TIMING-17#913 Warning
Non-clocked sequential cell  
The clock pin u_CORTEXM0INTEGRATION/u_logic/Zd8bx6_reg/C is not reached by a timing clock
Related violations: <none>

TIMING-17#914 Warning
Non-clocked sequential cell  
The clock pin u_CORTEXM0INTEGRATION/u_logic/Zdhax6_reg/C is not reached by a timing clock
Related violations: <none>

TIMING-17#915 Warning
Non-clocked sequential cell  
The clock pin u_CORTEXM0INTEGRATION/u_logic/Zdiax6_reg/C is not reached by a timing clock
Related violations: <none>

TIMING-17#916 Warning
Non-clocked sequential cell  
The clock pin u_CORTEXM0INTEGRATION/u_logic/Zdtpw6_reg/C is not reached by a timing clock
Related violations: <none>

TIMING-17#917 Warning
Non-clocked sequential cell  
The clock pin u_CORTEXM0INTEGRATION/u_logic/Zduax6_reg/C is not reached by a timing clock
Related violations: <none>

TIMING-17#918 Warning
Non-clocked sequential cell  
The clock pin u_CORTEXM0INTEGRATION/u_logic/Zezpw6_reg/C is not reached by a timing clock
Related violations: <none>

TIMING-17#919 Warning
Non-clocked sequential cell  
The clock pin u_CORTEXM0INTEGRATION/u_logic/Zf8bx6_reg/C is not reached by a timing clock
Related violations: <none>

TIMING-17#920 Warning
Non-clocked sequential cell  
The clock pin u_CORTEXM0INTEGRATION/u_logic/Zgzpw6_reg/C is not reached by a timing clock
Related violations: <none>

TIMING-17#921 Warning
Non-clocked sequential cell  
The clock pin u_CORTEXM0INTEGRATION/u_logic/Zh8bx6_reg/C is not reached by a timing clock
Related violations: <none>

TIMING-17#922 Warning
Non-clocked sequential cell  
The clock pin u_CORTEXM0INTEGRATION/u_logic/Zj8bx6_reg/C is not reached by a timing clock
Related violations: <none>

TIMING-17#923 Warning
Non-clocked sequential cell  
The clock pin u_CORTEXM0INTEGRATION/u_logic/Zl8bx6_reg/C is not reached by a timing clock
Related violations: <none>

TIMING-17#924 Warning
Non-clocked sequential cell  
The clock pin u_CORTEXM0INTEGRATION/u_logic/Zn8bx6_reg/C is not reached by a timing clock
Related violations: <none>

TIMING-17#925 Warning
Non-clocked sequential cell  
The clock pin u_CORTEXM0INTEGRATION/u_logic/Zp8bx6_reg/C is not reached by a timing clock
Related violations: <none>

TIMING-17#926 Warning
Non-clocked sequential cell  
The clock pin u_CORTEXM0INTEGRATION/u_logic/Zqiax6_reg/C is not reached by a timing clock
Related violations: <none>

TIMING-17#927 Warning
Non-clocked sequential cell  
The clock pin u_CORTEXM0INTEGRATION/u_logic/Zr7bx6_reg/C is not reached by a timing clock
Related violations: <none>

TIMING-17#928 Warning
Non-clocked sequential cell  
The clock pin u_CORTEXM0INTEGRATION/u_logic/Zr8bx6_reg/C is not reached by a timing clock
Related violations: <none>

TIMING-17#929 Warning
Non-clocked sequential cell  
The clock pin u_CORTEXM0INTEGRATION/u_logic/Zrlax6_reg/C is not reached by a timing clock
Related violations: <none>

TIMING-17#930 Warning
Non-clocked sequential cell  
The clock pin u_CORTEXM0INTEGRATION/u_logic/Zshax6_reg/C is not reached by a timing clock
Related violations: <none>

TIMING-17#931 Warning
Non-clocked sequential cell  
The clock pin u_CORTEXM0INTEGRATION/u_logic/Zszax6_reg/C is not reached by a timing clock
Related violations: <none>

TIMING-17#932 Warning
Non-clocked sequential cell  
The clock pin u_CORTEXM0INTEGRATION/u_logic/Zt7bx6_reg/C is not reached by a timing clock
Related violations: <none>

TIMING-17#933 Warning
Non-clocked sequential cell  
The clock pin u_CORTEXM0INTEGRATION/u_logic/Ztgbx6_reg/C is not reached by a timing clock
Related violations: <none>

TIMING-17#934 Warning
Non-clocked sequential cell  
The clock pin u_CORTEXM0INTEGRATION/u_logic/Ztupw6_reg/C is not reached by a timing clock
Related violations: <none>

TIMING-17#935 Warning
Non-clocked sequential cell  
The clock pin u_CORTEXM0INTEGRATION/u_logic/Zv7bx6_reg/C is not reached by a timing clock
Related violations: <none>

TIMING-17#936 Warning
Non-clocked sequential cell  
The clock pin u_CORTEXM0INTEGRATION/u_logic/Zvrpw6_reg/C is not reached by a timing clock
Related violations: <none>

TIMING-17#937 Warning
Non-clocked sequential cell  
The clock pin u_CORTEXM0INTEGRATION/u_logic/Zx7bx6_reg/C is not reached by a timing clock
Related violations: <none>

TIMING-17#938 Warning
Non-clocked sequential cell  
The clock pin u_CORTEXM0INTEGRATION/u_logic/Zz7bx6_reg/C is not reached by a timing clock
Related violations: <none>


